AML2,AML1
0.7735440731048584,0.9877138137817383
0.9675208330154419,0.9702386856079102
0.7778849601745605,0.9365746378898621
0.9658322930335999,0.9834582805633545
0.996978759765625,0.9976379871368408
0.1347498744726181,0.37304767966270447
0.9821158647537231,0.9928715825080872
0.9208056926727295,0.7747210264205933
0.916289746761322,0.9792472720146179
0.7513538002967834,0.7365124225616455
0.916088342666626,0.9630906581878662
0.738904595375061,0.7868107557296753
0.5030484199523926,0.9026843905448914
0.862712562084198,0.9538646340370178
0.740516722202301,0.6983741521835327
0.9980643391609192,0.9955044388771057
0.7686647772789001,0.7880344390869141
0.9768568873405457,0.9977645874023438
0.9828006029129028,0.9930578470230103
0.35407090187072754,0.3765428364276886
0.9063030481338501,0.9775308966636658
0.9118366241455078,0.762320339679718
0.9672218561172485,0.9941148161888123
0.9822169542312622,0.9956220984458923
0.926748514175415,0.9881885647773743
0.9714037775993347,0.9951649904251099
0.9317653775215149,0.9089572429656982
0.9836181998252869,0.9937388896942139
0.9663439989089966,0.9749053120613098
0.861049234867096,0.8416262865066528
0.8431118726730347,0.8768553137779236
0.9756401777267456,0.9976136684417725
0.73898845911026,0.3373510241508484
0.73898845911026,0.3373510241508484
0.3196870982646942,0.30945658683776855
0.983182430267334,0.9851393103599548
0.9270473122596741,0.9565169811248779
0.9327703714370728,0.9864194989204407
0.33665230870246887,0.49910569190979004
0.8551484942436218,0.808342456817627
0.6629354953765869,0.35717615485191345
0.9495286345481873,0.9860484600067139
0.9944368600845337,0.9905134439468384
0.7880227565765381,0.4791618585586548
0.9393895864486694,0.9718001484870911
0.3429946005344391,0.9459591507911682
0.11311428993940353,0.1496475636959076
0.9755123257637024,0.9916751384735107
0.7592619061470032,0.5454046130180359
0.9766234159469604,0.9961479902267456
0.9516705870628357,0.9951592087745667
0.9501351118087769,0.964648425579071
0.9857646822929382,0.9940517544746399
0.9759416580200195,0.9918558597564697
0.9176733493804932,0.78115314245224
0.9925110340118408,0.9955636262893677
0.422321617603302,0.7149536609649658
0.3254237771034241,0.5135419368743896
0.9924671053886414,0.9923237562179565
0.8222529292106628,0.9160887002944946
0.9907792806625366,0.9857726693153381
0.9802257418632507,0.9860453009605408
0.7654403448104858,0.8608892560005188
0.9739736318588257,0.9943866729736328
0.7785983681678772,0.4337361454963684
0.0176844522356987,0.0176844522356987
0.5181921124458313,0.3962155878543854
0.9643599987030029,0.9186791181564331
0.9927888512611389,0.9954095482826233
0.9855344295501709,0.9583488702774048
0.9852498173713684,0.9700268507003784
0.570064902305603,0.8268945813179016
0.9864046573638916,0.9966356158256531
0.9883701801300049,0.9926511645317078
0.45210835337638855,0.8282521963119507
0.7308039665222168,0.8273194432258606
0.9344384074211121,0.9967934489250183
0.7684029340744019,0.891925573348999
0.9835655093193054,0.9806893467903137
0.9179713129997253,0.9538609385490417
0.911544144153595,0.9543056488037109
0.9927955269813538,0.9953871369361877
0.991582453250885,0.9845048189163208
0.23045337200164795,0.9853925108909607
0.8871103525161743,0.9634117484092712
0.6672070026397705,0.9039446115493774
0.9538360238075256,0.982738196849823
0.9694001078605652,0.9782700538635254
0.9665947556495667,0.9670616388320923
0.9393623471260071,0.9736688733100891
0.9581114649772644,0.9819406270980835
0.9436094760894775,0.9615854620933533
0.5537434220314026,0.321025013923645
0.8884667158126831,0.9659637808799744
0.9881198406219482,0.8162581920623779
0.7962386012077332,0.8086510300636292
0.8302624225616455,0.8587833642959595
0.979835033416748,0.8961037397384644
0.9925359487533569,0.989834189414978
0.982001006603241,0.9526075720787048
0.9789075255393982,0.9952681660652161
0.9240825772285461,0.8009310960769653
0.46502184867858887,0.7353545427322388
0.7779644131660461,0.4829452335834503
0.42035990953445435,0.9824357032775879
0.6298834681510925,0.9726541638374329
0.10738049447536469,0.13528113067150116
0.9658347368240356,0.9284340739250183
0.7503142356872559,0.5465435981750488
0.5417181849479675,0.970686674118042
0.9859247803688049,0.9901759028434753
0.7820596694946289,0.7085518836975098
0.9971795082092285,0.9762608408927917
0.8977424502372742,0.94810551404953
0.1347498744726181,0.37304767966270447
0.41559502482414246,0.9802901148796082
0.9961883425712585,0.9854366183280945
0.975473165512085,0.8480575680732727
0.8617550730705261,0.8810051083564758
0.9946527481079102,0.9922915101051331
0.9812822341918945,0.9617161154747009
0.9889740943908691,0.991515040397644
0.9015510678291321,0.7077616453170776
0.947971761226654,0.9812541007995605
0.5781261324882507,0.9687606692314148
0.766968309879303,0.43804866075515747
0.993392288684845,0.9859321117401123
0.9717439413070679,0.9940570592880249
0.21145834028720856,0.19441907107830048
0.9914965629577637,0.9839334487915039
0.9859539866447449,0.9954119324684143
0.5103837251663208,0.9362678527832031
0.9924840331077576,0.9708083271980286
0.9151372313499451,0.9873337745666504
0.42493319511413574,0.4715225100517273
0.9885525703430176,0.9895791411399841
0.9422524571418762,0.9348320364952087
0.9958500862121582,0.9940962791442871
0.8366724252700806,0.8707383275032043
0.43406814336776733,0.4899299442768097
0.04843781515955925,0.10058829188346863
0.9811115860939026,0.9880514144897461
0.9258522987365723,0.8180743455886841
0.9471474289894104,0.8168653249740601
0.679642379283905,0.3375255763530731
0.9927682876586914,0.9875968098640442
0.9576003551483154,0.9945231676101685
0.5775834918022156,0.8001266121864319
0.4598943889141083,0.5237367749214172
0.4598943889141083,0.5237367749214172
0.9897403717041016,0.991486668586731
0.9884753227233887,0.9854454398155212
0.9884753227233887,0.9854454398155212
0.22769124805927277,0.3257095515727997
0.9930790066719055,0.9678662419319153
0.9930790066719055,0.9678662419319153
0.42036300897598267,0.9546815156936646
0.23241205513477325,0.22869889438152313
0.9045253396034241,0.9746009707450867
0.8772411346435547,0.96326744556427
0.9100511074066162,0.9213660955429077
0.8454902768135071,0.8652968406677246
0.8941324949264526,0.7807032465934753
0.5537164807319641,0.9677672982215881
0.9894723296165466,0.9894447922706604
0.8552039861679077,0.7504022121429443
0.9152635931968689,0.957502543926239
0.9189727902412415,0.931546688079834
0.4958418011665344,0.9326164722442627
0.9914006590843201,0.9859225749969482
0.9914347529411316,0.9937822222709656
0.7757154107093811,0.9526067972183228
0.978298008441925,0.9568746089935303
0.8947247266769409,0.33858194947242737
0.36197155714035034,0.7063192129135132
0.8729013204574585,0.9070876836776733
0.9869593977928162,0.989700198173523
0.9897515773773193,0.9914507269859314
0.9554852247238159,0.9915067553520203
0.9623111486434937,0.9380608201026917
0.8683057427406311,0.8736124038696289
0.8279033303260803,0.9891520738601685
0.9736301898956299,0.9901594519615173
0.9894837737083435,0.989400327205658
0.25981566309928894,0.1955273598432541
0.7890939116477966,0.8212853670120239
0.4206322431564331,0.9236463904380798
0.40711793303489685,0.24433255195617676
0.9296156167984009,0.9691802859306335
0.9920605421066284,0.9892672300338745
0.6179361343383789,0.8097861409187317
0.8017962574958801,0.9414455890655518
0.2183193862438202,0.33497369289398193
0.833958625793457,0.9110897183418274
0.018141653388738632,0.14573077857494354
0.9228658676147461,0.9370002150535583
0.986500084400177,0.9620577692985535
0.8377810716629028,0.6874014139175415
0.8907707333564758,0.9687083959579468
0.9869771599769592,0.9896584153175354
0.891775369644165,0.8553671836853027
0.09187670797109604,0.2516630291938782
0.9870443940162659,0.9956701993942261
0.9870443940162659,0.9956701993942261
0.4178275167942047,0.8578711152076721
0.994799017906189,0.9951712489128113
0.8286795616149902,0.8955767154693604
0.7147310972213745,0.8358981013298035
0.9410147070884705,0.9316334128379822
0.5607978701591492,0.31253838539123535
0.99367755651474,0.9647206664085388
0.99367755651474,0.9647206664085388
0.896091103553772,0.9686834812164307
0.9617455005645752,0.9528371691703796
0.5178667902946472,0.5034074187278748
0.7720051407814026,0.956276535987854
0.9545737504959106,0.6343038082122803
0.997201681137085,0.9912605881690979
0.5944598913192749,0.7896316647529602
0.6502938270568848,0.43953952193260193
0.8709830045700073,0.8974973559379578
0.9616015553474426,0.9539418816566467
0.9229481220245361,0.804693341255188
0.9371795654296875,0.977327823638916
0.6303232908248901,0.8245009779930115
0.39896160364151,0.9465398192405701
0.7676947712898254,0.9327684640884399
0.9958789348602295,0.9846891164779663
0.864193320274353,0.9260011911392212
0.9861619472503662,0.9959771037101746
0.9351148009300232,0.9289164543151855
0.2859068512916565,0.8736507892608643
0.40615278482437134,0.6631634831428528
0.9922775030136108,0.9944549202919006
0.978922963142395,0.9580775499343872
0.1567806601524353,0.8461881279945374
0.9483920335769653,0.965001106262207
0.20792846381664276,0.41531670093536377
0.7493477463722229,0.6940350532531738
0.9242650270462036,0.9865662455558777
0.23241205513477325,0.2587520182132721
0.8965771198272705,0.9911412000656128
0.7367334365844727,0.5886847972869873
0.678372323513031,0.5611996650695801
0.9846526980400085,0.7996010780334473
0.9846526980400085,0.7996010780334473
0.7527623772621155,0.9059872031211853
0.9778537154197693,0.6367749571800232
0.9103119969367981,0.9961078763008118
0.9929264187812805,0.9964913725852966
0.9521161317825317,0.9939702749252319
0.4993443787097931,0.8592953681945801
0.619300901889801,0.7062227129936218
0.7326416373252869,0.8969641923904419
0.8572217226028442,0.9735803604125977
0.30088144540786743,0.26848524808883667
0.32885870337486267,0.5097411274909973
0.3395332098007202,0.7482855319976807
0.4394020140171051,0.7591883540153503
0.990391731262207,0.9790908694267273
0.8688589334487915,0.9474882483482361
0.6615510582923889,0.6045810580253601
0.9590045213699341,0.9934386610984802
0.8374954462051392,0.9647783637046814
0.6208208203315735,0.4456206262111664
0.9924448132514954,0.9962059259414673
0.9156270623207092,0.6349297165870667
0.7239322662353516,0.4541299641132355
0.9914947748184204,0.9905164837837219
0.6496018171310425,0.5158503651618958
0.5746413469314575,0.9532410502433777
0.7394253611564636,0.5889083743095398
0.9835960865020752,0.996376097202301
0.9835960865020752,0.996376097202301
0.9880961179733276,0.984569251537323
0.9880961179733276,0.984569251537323
0.3223753571510315,0.22729896008968353
0.9383805394172668,0.7457197904586792
0.15142317116260529,0.8391904234886169
0.7030882835388184,0.05128652974963188
0.994770348072052,0.9922852516174316
0.9969191551208496,0.992618978023529
0.9032397270202637,0.964647650718689
0.5150179266929626,0.725415050983429
0.7107748985290527,0.7941933274269104
0.9416731595993042,0.8830327391624451
0.9262879490852356,0.9948175549507141
0.9937299489974976,0.922687828540802
0.785933256149292,0.7591313123703003
0.7098293900489807,0.6468304395675659
0.8810732960700989,0.8990280032157898
0.6459648609161377,0.9473433494567871
0.9675718545913696,0.9872685670852661
0.9867067933082581,0.991650402545929
0.8723919987678528,0.9103512167930603
0.9945670366287231,0.9921408891677856
0.8926106095314026,0.9102872014045715
0.5182753205299377,0.3477795422077179
0.510200560092926,0.6562513113021851
0.514418363571167,0.631653904914856
0.963812530040741,0.8690631985664368
0.9933428168296814,0.9795194864273071
0.9960026144981384,0.9859623312950134
0.6416711211204529,0.8541176319122314
0.18373887240886688,0.02105456404387951
0.8897678256034851,0.9440147876739502
0.992447018623352,0.991277813911438
0.8886923789978027,0.966893196105957
0.8513413071632385,0.8741535544395447
0.9876433610916138,0.978901207447052
0.9592800736427307,0.8071719408035278
0.7941117882728577,0.9228824377059937
0.9798498153686523,0.9801283478736877
0.9250382781028748,0.9949520826339722
0.11322197318077087,0.34174466133117676
0.9620546698570251,0.977384626865387
0.5120485424995422,0.19045542180538177
0.7533244490623474,0.12567271292209625
0.8920518755912781,0.8111683130264282
0.9330203533172607,0.6854903697967529
0.8595197796821594,0.756769597530365
0.5818657875061035,0.9638813138008118
0.7730400562286377,0.8165993094444275
0.9918152689933777,0.997011661529541
0.9121106863021851,0.86497563123703
0.7847731113433838,0.8052340745925903
0.8043187856674194,0.8242102861404419
0.9787824749946594,0.9521515965461731
0.8850558400154114,0.9486145377159119
0.9578104019165039,0.9722952842712402
0.9584553241729736,0.9884682297706604
0.232206329703331,0.9843818545341492
0.8442851901054382,0.1064285933971405
0.7082472443580627,0.6001560091972351
0.9959098100662231,0.987896203994751
0.8875088691711426,0.9971083998680115
0.9861397743225098,0.9776646494865417
0.7445730566978455,0.9678682684898376
0.985331654548645,0.9935164451599121
0.9797464609146118,0.9736692905426025
0.9438366889953613,0.6773717999458313
0.9438366889953613,0.6773717999458313
0.3393641412258148,0.4122956097126007
0.9866195917129517,0.7275926470756531
0.9007917642593384,0.9015263319015503
0.4333803057670593,0.3838304281234741
0.42410629987716675,0.38756459951400757
0.9468206167221069,0.8808664083480835
0.9828705787658691,0.9886593818664551
0.11604440957307816,0.8658215999603271
0.9598678946495056,0.8750563859939575
0.7258678674697876,0.8643874526023865
0.43432432413101196,0.8095258474349976
0.6689357161521912,0.3781251013278961
0.9954654574394226,0.9965720176696777
0.8980227112770081,0.9174213409423828
0.6471500992774963,0.9784391522407532
0.2449401468038559,0.9561507701873779
0.7586947083473206,0.6584508419036865
0.9887869954109192,0.9610779881477356
0.19956128299236298,0.8737452626228333
0.3596225380897522,0.4261506199836731
0.8481079936027527,0.9438178539276123
0.4885944128036499,0.33932167291641235
0.1374509036540985,0.13544701039791107
0.9875606894493103,0.991615355014801
0.9971780776977539,0.9925557971000671
0.9750738143920898,0.9920342564582825
0.9808005094528198,0.9368441104888916
0.8010976314544678,0.9080476760864258
0.805779218673706,0.8380178213119507
0.9851300716400146,0.9562175869941711
0.49522146582603455,0.1066557839512825
0.7638369202613831,0.6622804999351501
0.27643048763275146,0.2985214293003082
0.9872003793716431,0.9770556688308716
0.26412612199783325,0.29117682576179504
0.708170473575592,0.6001054048538208
0.86690753698349,0.9911344051361084
0.9870415925979614,0.9934251308441162
0.9003574848175049,0.6507396101951599
0.9887205958366394,0.972195029258728
0.3605508506298065,0.24543847143650055
0.9753742814064026,0.8295111060142517
0.9670022130012512,0.813960075378418
0.9021664261817932,0.787013828754425
0.2749108672142029,0.3007374405860901
0.9913307428359985,0.9880296587944031
0.8131590485572815,0.8369565606117249
0.7202624082565308,0.37820884585380554
0.6734198331832886,0.27299296855926514
0.9818124771118164,0.9578614830970764
0.9962917566299438,0.9562193155288696
0.4443401098251343,0.4078522026538849
0.9114524126052856,0.4737589955329895
0.8272778987884521,0.6886041760444641
0.6412113904953003,0.9788432121276855
0.8847156167030334,0.7103465795516968
0.9307048916816711,0.9424622058868408
0.8115782141685486,0.6957736611366272
0.6056669354438782,0.857185959815979
0.90723717212677,0.8314681053161621
0.7951651811599731,0.49429965019226074
0.02047920413315296,0.19836053252220154
0.9578850865364075,0.9835017323493958
0.9939655661582947,0.9927700161933899
0.633303165435791,0.6469311118125916
0.9578980207443237,0.9835342764854431
0.9875741600990295,0.9915758967399597
0.9645873308181763,0.992384672164917
0.9714164137840271,0.9595275521278381
0.9869381189346313,0.991679847240448
0.9475107192993164,0.993750274181366
0.9818652272224426,0.986769437789917
0.9957494735717773,0.9951366782188416
0.5096580982208252,0.5547166466712952
0.7993990182876587,0.9159489870071411
0.7369087338447571,0.4104520082473755
0.9192082285881042,0.8142405152320862
0.3682415187358856,0.43850794434547424
0.9935418367385864,0.9585101008415222
0.6570457816123962,0.634107232093811
0.9915295839309692,0.9641576409339905
0.9718919992446899,0.9761918783187866
0.9916447997093201,0.9844321012496948
0.9561193585395813,0.8939083218574524
0.9913597702980042,0.9765506386756897
0.9947010278701782,0.9878830313682556
0.2621803283691406,0.2833794057369232
0.6784247756004333,0.3114316761493683
0.9769847393035889,0.943353533744812
0.6226903796195984,0.574775218963623
0.9611802101135254,0.9164392948150635
0.9902194142341614,0.9946645498275757
0.39977672696113586,0.40810006856918335
0.6277962923049927,0.25395071506500244
0.8961853981018066,0.16264252364635468
0.9744316339492798,0.9921702742576599
0.9370664954185486,0.6793396472930908
0.9778605699539185,0.972252368927002
0.9834395051002502,0.9885890483856201
0.19172793626785278,0.869483232498169
0.5480800867080688,0.8730952739715576
0.9438502788543701,0.9528909921646118
0.7676405906677246,0.6217637062072754
0.9583197832107544,0.9790713787078857
0.6984231472015381,0.6801743507385254
0.5160228610038757,0.16282206773757935
0.5835837721824646,0.898079514503479
0.6953532695770264,0.4943966567516327
0.7838886976242065,0.43263405561447144
0.9674198627471924,0.5911141633987427
0.9113237261772156,0.9693138599395752
0.9899964332580566,0.9778000116348267
0.9657719135284424,0.9581226110458374
0.9869681000709534,0.9612265825271606
0.9879701733589172,0.9766913056373596
0.9598191380500793,0.9486143589019775
0.9959335923194885,0.9955496788024902
0.9626724123954773,0.956586480140686
0.5217998623847961,0.2786639928817749
0.6637829542160034,0.5484454035758972
0.9882733225822449,0.9920328259468079
0.9546429514884949,0.36379480361938477
0.8878931999206543,0.9343042969703674
0.9964902997016907,0.9917357563972473
0.16408494114875793,0.3680590093135834
0.8962821960449219,0.9304882884025574
0.9769396781921387,0.971068799495697
0.5429189205169678,0.3059188723564148
0.9196415543556213,0.1835159957408905
0.9275399446487427,0.9331896901130676
0.4773598313331604,0.5979793667793274
0.7470512390136719,0.7735050916671753
0.8853289484977722,0.8908859491348267
0.9717802405357361,0.9864768981933594
0.9747126698493958,0.9316878318786621
0.9901502132415771,0.9952686429023743
0.5881103873252869,0.9206752181053162
0.9721360802650452,0.9642305374145508
0.9760829210281372,0.960344672203064
0.4584216773509979,0.34661629796028137
0.9791841506958008,0.9939352869987488
0.2447206825017929,0.5262245535850525
0.7353916764259338,0.6368363499641418
0.9675572514533997,0.9535788893699646
0.896392822265625,0.9027532339096069
0.6178165674209595,0.4882526397705078
0.796491801738739,0.7227720618247986
0.402109295129776,0.5358652472496033
0.5456533432006836,0.6116023659706116
0.9733189940452576,0.9710825085639954
0.3700530529022217,0.7695839405059814
0.9607173204421997,0.853513777256012
0.9949274063110352,0.9956377148628235
0.9958620071411133,0.9949824810028076
0.730138897895813,0.588585376739502
0.7121481895446777,0.7216050624847412
0.8173032999038696,0.7810303568840027
0.31497427821159363,0.7527071237564087
0.8992171287536621,0.9860885739326477
0.9861944913864136,0.983537495136261
0.6971566081047058,0.7198871970176697
0.4283853769302368,0.4655825197696686
0.9957608580589294,0.9862781167030334
0.4621680974960327,0.9499328136444092
0.8718700408935547,0.8791650533676147
0.6508883237838745,0.12386259436607361
0.7183967232704163,0.9051512479782104
0.636041522026062,0.9845280051231384
0.9962694644927979,0.997075080871582
0.6713333129882812,0.08301372826099396
0.9121444225311279,0.9614891409873962
0.9121444225311279,0.9614891409873962
0.9893989562988281,0.9945717453956604
0.965850293636322,0.9875975251197815
0.9936827421188354,0.976144015789032
0.9654380083084106,0.9808793663978577
0.4297831952571869,0.27601858973503113
0.7700384855270386,0.9229625463485718
0.45996904373168945,0.8380659222602844
0.47591525316238403,0.20135243237018585
0.9941389560699463,0.9932723641395569
0.21467074751853943,0.2781085968017578
0.8256978392601013,0.8092412948608398
0.6944414377212524,0.4340858459472656
0.9940504431724548,0.9903377294540405
0.9885151982307434,0.9746382236480713
0.9911319613456726,0.9907283782958984
0.8505857586860657,0.9914012551307678
0.5447322726249695,0.4278031885623932
0.9945353269577026,0.9889784455299377
0.6813539266586304,0.4228785037994385
0.2800073027610779,0.34590184688568115
0.9662486910820007,0.944195032119751
0.699497401714325,0.4527682662010193
0.9916268587112427,0.9945024251937866
0.23446358740329742,0.8804662823677063
0.7224550247192383,0.9935976266860962
0.7781805992126465,0.6912673711776733
0.6881576180458069,0.5596417784690857
0.9930775165557861,0.9814915657043457
0.9695118069648743,0.9681781530380249
0.6807128190994263,0.8039961457252502
0.39962735772132874,0.20665396749973297
0.031051600351929665,0.1761588752269745
0.9794944524765015,0.9922471046447754
0.6184128522872925,0.9783707857131958
0.9959128499031067,0.9813031554222107
0.9942400455474854,0.9933608770370483
0.44810059666633606,0.8210738897323608
0.9913678765296936,0.9912906885147095
0.38688236474990845,0.7773568034172058
0.9878333806991577,0.9955533146858215
0.5096580982208252,0.5718599557876587
0.25240615010261536,0.3355875313282013
0.969315767288208,0.9936355352401733
0.1374509036540985,0.16018207371234894
0.7389702200889587,0.9390558004379272
0.7008034586906433,0.8209834098815918
0.9014014601707458,0.910689651966095
0.2822461426258087,0.3491884768009186
0.9592596888542175,0.9541848301887512
0.9466796517372131,0.9936153888702393
0.9873701333999634,0.985304057598114
0.9312002062797546,0.9979210495948792
0.9905946254730225,0.9874722957611084
0.9247322678565979,0.9861549735069275
0.9551717638969421,0.9479741454124451
0.8942664265632629,0.8866316080093384
0.9870980381965637,0.9731587767601013
0.5421060919761658,0.7985256910324097
0.01733861118555069,0.0176844522356987
0.44873014092445374,0.4242330491542816
0.9955423474311829,0.9961118102073669
0.894774854183197,0.9191156029701233
0.2942585051059723,0.2937006950378418
0.21034929156303406,0.41777899861335754
0.7514867186546326,0.9071906805038452
0.750874400138855,0.7319368720054626
0.2771463990211487,0.08365783095359802
0.852537214756012,0.951231062412262
0.9767582416534424,0.980236828327179
0.851915717124939,0.9546058773994446
0.9870518445968628,0.9660366177558899
0.9154821634292603,0.9214760065078735
0.5570637583732605,0.5480366945266724
0.9539276361465454,0.9877156615257263
0.8539193868637085,0.9799985289573669
0.9180752635002136,0.8936472535133362
0.6507557034492493,0.871587872505188
0.8793542981147766,0.8880031704902649
0.31705188751220703,0.500193178653717
0.8812231421470642,0.4428819417953491
0.24954333901405334,0.8960999250411987
0.6737649440765381,0.6679866909980774
0.8895208835601807,0.9151502847671509
0.6984259486198425,0.8564124703407288
0.9730343818664551,0.9893283247947693
0.7121180295944214,0.9266607761383057
0.9741350412368774,0.9044091105461121
0.885607123374939,0.9831582307815552
0.3104395270347595,0.7681060433387756
0.9686117768287659,0.986314058303833
0.9900998473167419,0.91362464427948
0.9548851847648621,0.9890908598899841
0.2594378590583801,0.31977608799934387
0.4672570526599884,0.8496643900871277
0.8229333162307739,0.7528757452964783
0.9879669547080994,0.97018963098526
0.2277459353208542,0.40228477120399475
0.6605667471885681,0.7226826548576355
0.3469153046607971,0.2667539417743683
0.9795926213264465,0.9903586506843567
0.9798504114151001,0.9904230833053589
0.7737547755241394,0.02967473864555359
0.7737547755241394,0.02967473864555359
0.7713530659675598,0.9443802833557129
0.9808220267295837,0.6259505152702332
0.8531638979911804,0.6814273595809937
0.8895342946052551,0.8382381796836853
0.9413669109344482,0.9904035329818726
0.6715567111968994,0.7079838514328003
0.9946277737617493,0.9953719973564148
0.9452484250068665,0.9826391935348511
0.42812561988830566,0.8252559900283813
0.9880802035331726,0.9935073852539062
0.6878741979598999,0.8653832674026489
0.9559887051582336,0.7588697671890259
0.0176844522356987,0.024385256692767143
0.3223233222961426,0.4834258258342743
0.7429986000061035,0.9166582226753235
0.9755542874336243,0.9945834279060364
0.9964459538459778,0.9952977299690247
0.7578103542327881,0.9737063646316528
0.7330028414726257,0.9447655081748962
0.3242860734462738,0.36039409041404724
0.869749128818512,0.5571960806846619
0.9600998163223267,0.9877278804779053
0.47939854860305786,0.799407958984375
0.9549397230148315,0.848262369632721
0.8272308707237244,0.8275434970855713
0.9620600938796997,0.9679158329963684
0.8726418018341064,0.9534347653388977
0.9618943929672241,0.9507223963737488
0.9513356685638428,0.9909948706626892
0.9408341646194458,0.8713537454605103
0.9408341646194458,0.8713537454605103
0.6422417759895325,0.7968467473983765
0.5667799711227417,0.37697833776474
0.8061190843582153,0.8107814192771912
0.983228862285614,0.9137735962867737
0.6102489233016968,0.8721585273742676
0.9592774510383606,0.9758584499359131
0.8873329758644104,0.9487563967704773
0.30012258887290955,0.20822517573833466
0.7042775750160217,0.3587510287761688
0.9553312659263611,0.9438786506652832
0.7269858121871948,0.7890675663948059
0.3358619511127472,0.3881482183933258
0.9510537385940552,0.8638671636581421
0.9463738799095154,0.9811934232711792
0.9617714285850525,0.9634524583816528
0.648731529712677,0.8255943059921265
0.9024126529693604,0.985831618309021
0.9671237468719482,0.9084351062774658
0.8759846091270447,0.8810616135597229
0.9575845003128052,0.6406427621841431
0.9265052080154419,0.9882006645202637
0.7789327502250671,0.8527851700782776
0.22569639980793,0.8768183588981628
0.9925873875617981,0.9893661737442017
0.6474841237068176,0.9300082325935364
0.7719618678092957,0.645913302898407
0.7450199127197266,0.8706533908843994
0.3576630651950836,0.404462069272995
0.9518178701400757,0.9002464413642883
0.9536373615264893,0.8540812134742737
0.8674348592758179,0.9835402369499207
0.9602506756782532,0.9476645588874817
0.41778257489204407,0.2709032893180847
0.26538270711898804,0.3039399981498718
0.29365596175193787,0.2874278128147125
0.9588568210601807,0.962662935256958
0.9875460267066956,0.9603092670440674
0.8677138686180115,0.893435001373291
0.9642720818519592,0.9904708862304688
0.8909637331962585,0.958803117275238
0.8263677954673767,0.8808650970458984
0.7296642065048218,0.9577443599700928
0.9401247501373291,0.9922702312469482
0.4720149338245392,0.6698060035705566
0.9935693740844727,0.9941107630729675
0.551886796951294,0.31199711561203003
0.6235398650169373,0.6665174961090088
0.8153592348098755,0.6414191722869873
0.9568220376968384,0.8888236284255981
0.7512646913528442,0.8620476126670837
0.7987959384918213,0.862496554851532
0.975461483001709,0.9163296222686768
0.7179407477378845,0.8492854237556458
0.5867890119552612,0.9682182669639587
0.6151860356330872,0.8218439221382141
0.18671025335788727,0.22093452513217926
0.6994462013244629,0.9402716159820557
0.9485595226287842,0.9341318607330322
0.9449003338813782,0.9637425541877747
0.7591795325279236,0.8785083293914795
0.7131237387657166,0.9802199006080627
0.23622828722000122,0.5683185458183289
0.992233157157898,0.9890873432159424
0.988677442073822,0.9971156120300293
0.3146068751811981,0.27323654294013977
0.7381729483604431,0.46451547741889954
0.9965633749961853,0.9894754886627197
0.3846599757671356,0.76267409324646
0.9892526268959045,0.9926183819770813
0.38313308358192444,0.3552504777908325
0.6053191423416138,0.6829017400741577
0.4020146429538727,0.14357617497444153
0.8989913463592529,0.48931530117988586
0.4824691414833069,0.4171049892902374
0.9490346312522888,0.380156934261322
0.9884496927261353,0.985069990158081
0.7096191644668579,0.9557985663414001
0.9080408811569214,0.9493409991264343
0.6904776692390442,0.7790228128433228
0.6624089479446411,0.6294945478439331
0.5814003944396973,0.5172972083091736
0.8757413029670715,0.9731436371803284
0.9741019010543823,0.9769615530967712
0.5673492550849915,0.5068893432617188
0.9858155250549316,0.9554871916770935
0.38167086243629456,0.35771796107292175
0.49754762649536133,0.3496684730052948
0.26423054933547974,0.29731929302215576
0.9843795895576477,0.9938788414001465
0.6387438774108887,0.9542421102523804
0.8828604221343994,0.8002930879592896
0.14118267595767975,0.9663950800895691
0.9673405289649963,0.7956525087356567
0.5661124587059021,0.7228080630302429
0.19786272943019867,0.3490334153175354
0.8411216735839844,0.7404460906982422
0.677547812461853,0.436428964138031
0.9031522274017334,0.9720712304115295
0.46664097905158997,0.9370461106300354
0.686224102973938,0.4470551908016205
0.914945662021637,0.9630864262580872
0.9555233120918274,0.9509653449058533
0.2416987121105194,0.43249785900115967
0.9905431866645813,0.9897596836090088
0.9933099746704102,0.9753620624542236
0.3662721514701843,0.4126315414905548
0.9553598761558533,0.7193684577941895
0.45913782715797424,0.2864445149898529
0.9614207148551941,0.9472308158874512
0.33327025175094604,0.24800550937652588
0.3230783939361572,0.4329061508178711
0.5357519388198853,0.5947825312614441
0.7852440476417542,0.7612307667732239
0.9829692840576172,0.9830379486083984
0.7806143760681152,0.328624963760376
0.8083548545837402,0.8152231574058533
0.23375378549098969,0.6916986107826233
0.5144595503807068,0.30473825335502625
0.7333229184150696,0.6072601079940796
0.7333229184150696,0.6072601079940796
0.4841783046722412,0.6463594436645508
0.9891324639320374,0.9340906739234924
0.9903761744499207,0.9447028636932373
0.9903761744499207,0.9447028636932373
0.5412686467170715,0.9354672431945801
0.3072949945926666,0.460379034280777
0.9881247282028198,0.962800920009613
0.0176844522356987,0.027783218771219254
0.9962356686592102,0.9951550960540771
0.8807054162025452,0.139993354678154
0.006356591358780861,0.0540948361158371
0.9157782793045044,0.8755725026130676
0.9919700026512146,0.9931290149688721
0.9970830082893372,0.9941433072090149
0.6482468247413635,0.532508909702301
0.8608947396278381,0.7518234848976135
0.49731406569480896,0.3346969485282898
0.9575258493423462,0.992807149887085
0.6597763895988464,0.7850440740585327
0.39133697748184204,0.8740653395652771
0.9884623885154724,0.9850096106529236
0.5280193090438843,0.592107892036438
0.7938547730445862,0.9435831308364868
0.9821650385856628,0.9771339297294617
0.2162848562002182,0.2891536355018616
0.8408355712890625,0.9946428537368774
0.39495187997817993,0.14858055114746094
0.7363036274909973,0.7814189195632935
0.6477603316307068,0.771955132484436
0.9686473608016968,0.9891499876976013
0.36231529712677,0.368000864982605
0.9690260887145996,0.9154848456382751
0.8198829889297485,0.9685325026512146
0.7130494713783264,0.967527449131012
0.9764530062675476,0.9580893516540527
0.45235559344291687,0.3413523733615875
0.9581372737884521,0.9823139905929565
0.9756643772125244,0.9748252034187317
0.9425402283668518,0.9683511257171631
0.7838181257247925,0.6204553842544556
0.6242152452468872,0.9591018557548523
0.7944347262382507,0.7081115245819092
0.8658557534217834,0.8739652633666992
0.18723487854003906,0.15797971189022064
0.4725327789783478,0.5840023159980774
0.18837428092956543,0.3550104796886444
0.7965041399002075,0.825320839881897
0.9928728342056274,0.9932985901832581
0.275717556476593,0.4704452455043793
0.9290590286254883,0.9886714220046997
0.18289972841739655,0.22849556803703308
0.9908447861671448,0.9897513389587402
0.9888375997543335,0.9877257943153381
0.9469598531723022,0.959313690662384
0.34578874707221985,0.6080705523490906
0.9804218411445618,0.919459342956543
0.9717839360237122,0.9849261045455933
0.9857543706893921,0.9553994536399841
0.48702895641326904,0.9276865124702454
0.8849354982376099,0.2443053424358368
0.5058147311210632,0.5566352009773254
0.35555773973464966,0.41337665915489197
0.9965102076530457,0.9950788021087646
0.8357086777687073,0.7508636116981506
0.9580748081207275,0.9889289736747742
0.9099626541137695,0.1545468121767044
0.9071223735809326,0.9143287539482117
0.9435058832168579,0.9772365093231201
0.9948807954788208,0.9953604340553284
0.9460039734840393,0.6634588241577148
0.9899431467056274,0.9936103224754333
0.25418248772621155,0.5221257209777832
0.8906678557395935,0.5693681240081787
0.7342585325241089,0.9356568455696106
0.2774626314640045,0.4822823107242584
0.9332184195518494,0.9858178496360779
0.5535448789596558,0.39464569091796875
0.5277833938598633,0.3061944544315338
0.5162957310676575,0.534284234046936
0.48867809772491455,0.446821928024292
0.3040517270565033,0.423640638589859
0.765343189239502,0.3615131676197052
0.16599372029304504,0.2112727016210556
0.7757192850112915,0.9818366169929504
0.9753803014755249,0.9522247910499573
0.12917055189609528,0.1230761706829071
0.5170767307281494,0.4297277629375458
0.9117310047149658,0.915458083152771
0.7958055734634399,0.7282913327217102
0.9967159032821655,0.990800678730011
0.9970023036003113,0.994955837726593
0.5071195363998413,0.475566029548645
0.9688135981559753,0.9666814208030701
0.07371697574853897,0.4562872648239136
0.9675548672676086,0.9583776593208313
0.6387911438941956,0.5252313017845154
0.9937676191329956,0.990868091583252
0.8442354798316956,0.1319049894809723
0.9940720200538635,0.9784036874771118
0.9925187826156616,0.9820250272750854
0.89957594871521,0.2557472288608551
0.46450865268707275,0.43718627095222473
0.7762625217437744,0.766071617603302
0.4597509801387787,0.6165358424186707
0.7115422487258911,0.8633353114128113
0.6478567123413086,0.6995693445205688
0.6478567123413086,0.6995693445205688
0.3877236843109131,0.535679280757904
0.9214940071105957,0.9786266088485718
0.9717912673950195,0.985982358455658
0.9522171020507812,0.4799811840057373
0.9538073539733887,0.9607978463172913
0.800320029258728,0.5122077465057373
0.4508283734321594,0.9104844331741333
0.9164539575576782,0.9273750185966492
0.5467596650123596,0.9556846618652344
0.5467596650123596,0.9560044407844543
0.44218048453330994,0.9199197292327881
0.8004919290542603,0.9454100131988525
0.5751883387565613,0.31073352694511414
0.6353822946548462,0.7957305908203125
0.9825347065925598,0.9742135405540466
0.6659722924232483,0.5722973346710205
0.9348928928375244,0.9390130043029785
0.8737497329711914,0.958353579044342
0.9755735993385315,0.9718329906463623
0.6371282935142517,0.9108116626739502
0.21384602785110474,0.5856180787086487
0.6824512481689453,0.6488797664642334
0.8062182068824768,0.8779054880142212
0.4144313633441925,0.6839211583137512
0.7210254669189453,0.678635835647583
0.9261171221733093,0.9205929040908813
0.8727145195007324,0.9387726783752441
0.9404700398445129,0.9941826462745667
0.9784234166145325,0.9894809722900391
0.8529596328735352,0.8397020101547241
0.956631600856781,0.9412335157394409
0.6798235774040222,0.7533366084098816
0.9817849397659302,0.9739407300949097
0.9245294332504272,0.7725908756256104
0.9653740525245667,0.9911074042320251
0.9736385941505432,0.9581543803215027
0.38857677578926086,0.5705454349517822
0.7870548963546753,0.9867600202560425
0.4917626976966858,0.41226810216903687
0.3371710479259491,0.4606371521949768
0.6041061878204346,0.688471794128418
0.8933199048042297,0.8926178216934204
0.9847747683525085,0.9913920164108276
0.8999072909355164,0.6297791600227356
0.7722730040550232,0.8461178541183472
0.9948179125785828,0.9951173067092896
0.947394073009491,0.9392296075820923
0.6968382000923157,0.6173899173736572
0.5310894250869751,0.5151841640472412
0.9548757076263428,0.8861604928970337
0.5234936475753784,0.820265531539917
0.3588176965713501,0.35023757815361023
0.5732625126838684,0.6827911138534546
0.8936008214950562,0.894757091999054
0.8699413537979126,0.9802470207214355
0.8456066846847534,0.7268449068069458
0.9687355756759644,0.9701279401779175
0.9475550055503845,0.8562884330749512
0.8691750168800354,0.9698556065559387
0.23928125202655792,0.7911489605903625
0.9890164136886597,0.9060531854629517
0.9420599937438965,0.9688067436218262
0.29755279421806335,0.8280310034751892
0.47442325949668884,0.9325061440467834
0.9932854175567627,0.9905321598052979
0.5295501947402954,0.2900189757347107
0.37678518891334534,0.789770245552063
0.6582093238830566,0.9092402458190918
0.9328261613845825,0.32384517788887024
0.4957472085952759,0.9265056252479553
0.9711812138557434,0.9942471981048584
0.6720680594444275,0.8307479619979858
0.9383444786071777,0.986559271812439
0.9925214648246765,0.9865386486053467
0.8827208876609802,0.9558357000350952
0.9739680886268616,0.7438638806343079
0.8166452646255493,0.9120942950248718
0.9146179556846619,0.9081400036811829
0.29233047366142273,0.2893487513065338
0.8157106041908264,0.6753454804420471
0.9762168526649475,0.9789535403251648
0.8295141458511353,0.054466258734464645
0.9002965092658997,0.6177772879600525
0.7595415115356445,0.3560524880886078
0.5341565608978271,0.7797480821609497
0.5595577359199524,0.9411328434944153
0.645866870880127,0.8188689351081848
0.8955947756767273,0.9056508541107178
0.32726022601127625,0.32919514179229736
0.8087378740310669,0.8354440927505493
0.7143712639808655,0.9817385077476501
0.7710564136505127,0.9684431552886963
0.45159202814102173,0.4144059419631958
0.9924361109733582,0.9928314685821533
0.8777405023574829,0.9061591625213623
0.5117146372795105,0.33792486786842346
0.893872082233429,0.9938732385635376
0.9718291759490967,0.9859257340431213
0.5777308344841003,0.9497156143188477
0.7655482292175293,0.7314855456352234
0.33020254969596863,0.3209914267063141
0.995829164981842,0.9802284836769104
0.43561890721321106,0.41678452491760254
0.793201744556427,0.8073856234550476
0.7283918857574463,0.871906042098999
0.93979811668396,0.9413715600967407
0.9921323657035828,0.9943258166313171
0.05819370225071907,0.05825129523873329
0.9103348255157471,0.9809502959251404
0.9963186979293823,0.9950939416885376
0.8048819303512573,0.9801332950592041
0.9747378826141357,0.97896409034729
0.5523404479026794,0.6569527983665466
0.8529768586158752,0.9449782967567444
0.981888473033905,0.9875386953353882
0.6456928849220276,0.9504938125610352
0.9894841313362122,0.9829423427581787
0.7874409556388855,0.4139115512371063
0.7350004315376282,0.4924013316631317
0.6522013545036316,0.8877930045127869
0.8171212673187256,0.9863946437835693
0.8163193464279175,0.9873168468475342
0.6404883861541748,0.878357470035553
0.5038759708404541,0.45487675070762634
0.5988845229148865,0.08172003924846649
