,chr1,x1,x2,gene1,gene1Sym,chr2,y1,y2,gene2,gene2Sym,READ,THCA,UVM,THYM,GBM,UCS,OV,LIHC,STAD,UCEC,HNSC,BRCA,SARC,Healthy,DLBC,BLCA,KIRP,COAD,PAAD,PCPG,LGG,SKCM,LUAD,KIRC,MESO,CESC,LUSC,PRAD,ESCA,ACC,LAML,TGCT,KICH
820,chr13,27825446,27830828,ENSG00000122026.10_4,RPL21,chr13,28577411,28674729,ENSG00000122025.15_5,FLT3,0.2650602409638554,0.2039603960396039,0.8625,0.025,0.2468354430379747,0.4035087719298245,0.339667458432304,0.1482479784366576,0.1771844660194174,0.1829710144927536,0.2038461538461538,0.0504050405040504,0.2702702702702703,0.0455531453362256,0.0416666666666666,0.3033980582524271,0.0379310344827586,0.2479166666666666,0.0898876404494382,0.3463687150837989,0.0310077519379844,0.2718446601941747,0.0278293135435992,0.0277264325323475,0.057471264367816,0.2344827586206896,0.1115537848605577,0.1017964071856287,0.3369565217391304,0.1012658227848101,0.3642384105960264,0.0066666666666666,0.1515151515151515
821,chr13,27829201,27829272,ENSG00000207500.1,SNORD102,chr13,28577411,28674729,ENSG00000122025.15_5,FLT3,0.2469879518072289,0.1108910891089108,0.6125,0.025,0.1835443037974683,0.2982456140350877,0.2921615201900237,0.0970350404312668,0.1504854368932038,0.1123188405797101,0.1269230769230769,0.0279027902790279,0.2007722007722007,0.0377440347071583,0.0208333333333333,0.1844660194174757,0.0310344827586206,0.23125,0.0337078651685393,0.2849162011173184,0.0213178294573643,0.116504854368932,0.0166975881261595,0.0203327171903881,0.0344827586206896,0.1620689655172413,0.0657370517928286,0.0698602794411177,0.2826086956521739,0.0253164556962025,0.3576158940397351,0.0066666666666666,0.0757575757575757
2418,chr1,8064464,8086369,ENSG00000116285,ERRFI1,chr1,9711789,9789172,ENSG00000171608,PIK3CD,0.0060240963855421,0.0712871287128712,0.6625,0.125,0.0189873417721519,0.1403508771929824,0.0902612826603325,0.0539083557951482,0.0072815533980582,0.0181159420289855,0.023076923076923,0.0018001800180018,0.0347490347490347,0.1492407809110629,0.3958333333333333,0.0169902912621359,0.0068965517241379,0.0166666666666666,0.0112359550561797,0.0726256983240223,0.0,0.233009708737864,0.0575139146567718,0.0369685767097966,0.0114942528735632,0.0172413793103448,0.0119521912350597,0.0159680638722554,0.0108695652173913,0.1392405063291139,0.2781456953642384,0.0066666666666666,0.0
2606,chr1,155225770,155232221,ENSG00000116521,SCAMP3,chr1,154554533,154600489,ENSG00000160710,ADAR,0.1024096385542168,0.1029702970297029,0.675,0.0416666666666666,0.1012658227848101,0.1403508771929824,0.0166270783847981,0.22911051212938,0.0218446601941747,0.1050724637681159,0.05,0.054005400540054,0.1312741312741312,0.0190889370932754,0.125,0.1286407766990291,0.3862068965517241,0.0604166666666666,0.0112359550561797,0.1117318435754189,0.0310077519379844,0.1650485436893204,0.0129870129870129,0.0720887245841035,0.1264367816091954,0.0275862068965517,0.0318725099601593,0.1337325349301397,0.0163043478260869,0.4810126582278481,0.0066225165562913,0.0266666666666666,0.0909090909090909
2739,chr1,155916642,155976861,ENSG00000116584,ARHGEF2,chr1,156691683,156698558,ENSG00000143319,ISG20L2,0.1686746987951807,0.0297029702970297,0.5375,0.0083333333333333,0.0569620253164556,0.0175438596491228,0.007125890736342,0.3584905660377358,0.1480582524271844,0.0688405797101449,0.0769230769230769,0.0108010801080108,0.0038610038610038,0.1370932754880694,0.0,0.0655339805825242,0.2137931034482758,0.1729166666666666,0.0449438202247191,0.1620111731843575,0.0096899224806201,0.058252427184466,0.0333951762523191,0.1608133086876155,0.0344827586206896,0.0413793103448275,0.0697211155378486,0.0698602794411177,0.125,0.0759493670886076,0.0,0.0866666666666666,0.2727272727272727
3538,chr1,171454690,171562650,ENSG00000117523,PRRC2C,chr1,173446469,173457954,ENSG00000117592,PRDX6,0.1566265060240964,0.0158415841584158,0.5625,0.0,0.0,0.0350877192982456,0.002375296912114,0.0350404312668463,0.012135922330097,0.1721014492753623,0.175,0.0495049504950495,0.0347490347490347,0.0264642082429501,0.0,0.0631067961165048,0.0275862068965517,0.2145833333333333,0.0168539325842696,0.0,0.0,0.0776699029126213,0.0166975881261595,0.0184842883548983,0.0229885057471264,0.0448275862068965,0.0059760956175298,0.0059880239520958,0.0108695652173913,0.0632911392405063,0.0066225165562913,0.0133333333333333,0.0303030303030303
4433,chr1,10092890,10241297,ENSG00000130939,UBE4B,chr1,11796141,11814859,ENSG00000177674,AGTRAP,0.0301204819277108,0.0138613861386138,0.525,0.0,0.0189873417721519,0.0,0.0498812351543943,0.0080862533692722,0.0024271844660194,0.0326086956521739,0.075,0.0198019801980198,0.0424710424710424,0.0099783080260303,0.0,0.0485436893203883,0.3931034482758621,0.025,0.0,0.0,0.005813953488372,0.1067961165048543,0.0445269016697588,0.0683918669131238,0.0689655172413793,0.0482758620689655,0.0378486055776892,0.1796407185628742,0.0163043478260869,0.1392405063291139,0.0,0.0,0.0
4740,chr1,205758222,205782876,ENSG00000133065,SLC41A1,chr1,206680864,206762780,ENSG00000266094,RASSF5,0.0,0.0574257425742574,0.6125,0.0083333333333333,0.0632911392405063,0.1228070175438596,0.0736342042755344,0.0754716981132075,0.0072815533980582,0.1177536231884057,0.0,0.0378037803780378,0.0926640926640926,0.0524945770065075,0.0,0.0194174757281553,0.1758620689655172,0.025,0.0056179775280898,0.0558659217877094,0.3992248062015504,0.1844660194174757,0.0129870129870129,0.0314232902033271,0.0,0.0206896551724137,0.0278884462151394,0.0958083832335329,0.0108695652173913,0.0886075949367088,0.0,0.04,0.2272727272727272
5725,chr1,151170425,151222012,ENSG00000143398,PIP5K1A,chr1,151732123,151735972,ENSG00000143436,MRPL9,0.216867469879518,0.0376237623762376,0.925,0.2333333333333333,0.0569620253164556,0.175438596491228,0.0783847980997624,0.1698113207547169,0.1529126213592233,0.2065217391304347,0.4365384615384615,0.0603060306030603,0.4285714285714285,0.1318872017353579,0.2708333333333333,0.2135922330097087,0.0620689655172413,0.2291666666666666,0.1797752808988764,0.0111731843575419,0.0406976744186046,0.2621359223300971,0.0556586270871985,0.310536044362292,0.2873563218390804,0.2275862068965517,0.1733067729083665,0.091816367265469,0.233695652173913,0.1392405063291139,0.1854304635761589,0.2066666666666666,0.0303030303030303
7253,chr1,155216996,155225274,ENSG00000160767,FAM189B,chr1,155178490,155183615,ENSG00000173171,MTX1,0.072289156626506,0.0257425742574257,0.7625,0.125,0.1012658227848101,0.1403508771929824,0.3610451306413301,0.1536388140161725,0.1286407766990291,0.4221014492753623,0.0288461538461538,0.1791179117911791,0.1583011583011583,0.0347071583514099,0.3541666666666667,0.0922330097087378,0.3344827586206896,0.0416666666666666,0.2022471910112359,0.3966480446927374,0.0465116279069767,0.4660194174757281,0.2189239332096475,0.0406654343807763,0.1839080459770115,0.1896551724137931,0.0418326693227091,0.0479041916167664,0.0434782608695652,0.3037974683544304,0.0662251655629139,0.2266666666666666,0.0454545454545454
7674,chr1,205271191,205290873,ENSG00000163545,NUAK2,chr1,206680864,206762780,ENSG00000266094,RASSF5,0.0,0.0118811881188118,0.8875,0.0,0.0126582278481012,0.0,0.0878859857482185,0.0539083557951482,0.0,0.0398550724637681,0.0076923076923076,0.0126012601260126,0.0424710424710424,0.1162689804772234,0.0,0.0072815533980582,0.0448275862068965,0.0,0.0,0.0335195530726257,0.1395348837209302,0.4077669902912621,0.0,0.011090573012939,0.0,0.0206896551724137,0.0378486055776892,0.0439121756487025,0.0,0.0126582278481012,0.0198675496688741,0.0133333333333333,0.3636363636363636
8271,chr10,102790991,102801001,ENSG00000107819,SFXN3,chr10,103370421,103455052,ENSG00000107829,FBXW4,0.0,0.2039603960396039,0.675,0.0083333333333333,0.0,0.0,0.01187648456057,0.0323450134770889,0.0218446601941747,0.0416666666666666,0.0538461538461538,0.0639063906390639,0.0579150579150579,0.0754880694143167,0.0,0.1092233009708737,0.196551724137931,0.00625,0.1797752808988764,0.0167597765363128,0.0135658914728682,0.058252427184466,0.1205936920222634,0.2144177449168207,0.1264367816091954,0.0275862068965517,0.0418326693227091,0.0039920159680638,0.0163043478260869,0.2911392405063291,0.0198675496688741,0.0,0.0606060606060606
8492,chr10,99437181,99446998,ENSG00000119986,AVPI1,chr10,99205927,99217127,ENSG00000171307,ZDHHC16,0.1506024096385542,0.1504950495049505,0.75,0.025,0.0253164556962025,0.0,0.0237529691211401,0.0754716981132075,0.2645631067961165,0.056159420289855,0.2711538461538461,0.0306030603060306,0.0926640926640926,0.3405639913232104,0.0,0.1286407766990291,0.0620689655172413,0.16875,0.0674157303370786,0.1005586592178771,0.065891472868217,0.3980582524271844,0.313543599257885,0.0462107208872458,0.2183908045977011,0.4448275862068965,0.1075697211155378,0.0399201596806387,0.2880434782608695,0.1645569620253164,0.3973509933774834,0.0,0.0151515151515151
11021,chr11,61535973,61560274,ENSG00000134825,TMEM258,chr11,63340444,63384355,ENSG00000176485,PLAAT3,0.2951807228915662,0.0059405940594059,0.5625,0.025,0.2911392405063291,0.1228070175438596,0.2185273159144893,0.2452830188679245,0.1529126213592233,0.2898550724637681,0.0846153846153846,0.0333033303330333,0.0308880308880308,0.0338394793926247,0.125,0.1067961165048543,0.0344827586206896,0.3,0.1011235955056179,0.0,0.3449612403100775,0.0679611650485436,0.1280148423005566,0.0018484288354898,0.0344827586206896,0.1655172413793103,0.0537848605577689,0.0059880239520958,0.1413043478260869,0.1012658227848101,0.1456953642384106,0.1666666666666666,0.0909090909090909
11563,chr11,61891470,61920641,ENSG00000149503,INCENP,chr11,62443970,62446589,ENSG00000162191,UBXN1,0.0060240963855421,0.095049504950495,1.0,0.025,0.0632911392405063,0.1052631578947368,0.004750593824228,0.2911051212938005,0.0072815533980582,0.0398550724637681,0.05,0.0117011701170117,0.3011583011583011,0.0724511930585683,0.0,0.0169902912621359,0.1482758620689655,0.0125,0.0280898876404494,0.2402234636871508,0.1627906976744186,0.3689320388349514,0.0204081632653061,0.0628465804066543,0.0344827586206896,0.0206896551724137,0.0079681274900398,0.06187624750499,0.0054347826086956,0.2025316455696202,0.0066225165562913,0.1733333333333333,0.0606060606060606
12913,chr11,65590493,65629497,ENSG00000172757,CFL1,chr11,64781632,64789656,ENSG00000213465,ARL2,0.1385542168674698,0.0039603960396039,0.6625,0.0333333333333333,0.0,0.0350877192982456,0.0213776722090261,0.0188679245283018,0.0655339805825242,0.0579710144927536,0.0692307692307692,0.0162016201620162,0.0501930501930501,0.0251626898047722,0.0625,0.087378640776699,0.0724137931034482,0.1479166666666666,0.0,0.3631284916201117,0.0290697674418604,0.3398058252427184,0.0092764378478664,0.0018484288354898,0.0229885057471264,0.0413793103448275,0.0099601593625498,0.0638722554890219,0.0163043478260869,0.1645569620253164,0.0728476821192053,0.02,0.0
13132,chr11,66886734,67025553,ENSG00000173120,KDM2A,chr11,65541369,65548447,ENSG00000254470,AP5B1,0.0120481927710843,0.099009900990099,0.6625,0.1333333333333333,0.0126582278481012,0.0350877192982456,0.0,0.0754716981132075,0.0145631067961165,0.0706521739130434,0.0288461538461538,0.0117011701170117,0.1158301158301158,0.0355748373101952,0.2083333333333333,0.0485436893203883,0.093103448275862,0.0145833333333333,0.0730337078651685,0.0279329608938547,0.0096899224806201,0.4174757281553398,0.0575139146567718,0.121996303142329,0.2298850574712643,0.0172413793103448,0.0577689243027888,0.091816367265469,0.0054347826086956,0.0126582278481012,0.0066225165562913,0.0333333333333333,0.0151515151515151
13321,chr11,66360624,66373490,ENSG00000173992,CCS,chr11,65729199,65747608,ENSG00000175467,SART1,0.0060240963855421,0.4158415841584158,0.6125,0.1333333333333333,0.0,0.087719298245614,0.004750593824228,0.4070080862533692,0.0024271844660194,0.0760869565217391,0.0711538461538461,0.0117011701170117,0.166023166023166,0.0485900216919739,0.1458333333333333,0.1019417475728155,0.0758620689655172,0.04375,0.0842696629213483,0.1284916201117318,0.0813953488372093,0.0776699029126213,0.0074211502782931,0.0184842883548983,0.057471264367816,0.0103448275862068,0.0199203187250996,0.1397205588822355,0.0,0.050632911392405,0.0066225165562913,0.2333333333333333,0.0303030303030303
13819,chr11,924894,1012245,ENSG00000183020,AP2A2,chr11,307631,315272,ENSG00000185201,IFITM2,0.2048192771084337,0.2851485148514851,0.5375,0.0,0.2848101265822785,0.2280701754385964,0.1876484560570071,0.4420485175202156,0.2864077669902912,0.1431159420289855,0.3461538461538461,0.1647164716471647,0.3590733590733591,0.2112798264642082,0.2083333333333333,0.1577669902912621,0.1689655172413793,0.1854166666666666,0.1011235955056179,0.1843575418994413,0.0968992248062015,0.2815533980582524,0.1614100185528757,0.2402957486136783,0.0689655172413793,0.2068965517241379,0.2848605577689243,0.1357285429141716,0.1902173913043478,0.4177215189873418,0.0596026490066225,0.1666666666666666,0.2424242424242424
14149,chr12,51674822,51718452,ENSG00000110934,BIN2,chr12,52400730,52409673,ENSG00000161835,TAMALIN,0.0843373493975903,0.2871287128712871,0.6625,0.175,0.0253164556962025,0.087719298245614,0.0498812351543943,0.0673854447439353,0.0898058252427184,0.0452898550724637,0.0692307692307692,0.0558055805580558,0.0849420849420849,0.4642082429501085,0.0,0.1383495145631068,0.0724137931034482,0.0729166666666666,0.0674157303370786,0.0893854748603352,0.0271317829457364,0.3106796116504854,0.072356215213358,0.0628465804066543,0.1149425287356321,0.0793103448275862,0.0796812749003984,0.3592814371257485,0.0978260869565217,0.1392405063291139,0.3112582781456953,0.02,0.1515151515151515
15060,chr12,57522266,57607144,ENSG00000123384,LRP1,chr12,57106089,57125412,ENSG00000196531,NACA,0.0180722891566265,0.2316831683168317,0.7875,0.0916666666666666,0.0,0.2280701754385964,0.0641330166270783,0.1482479784366576,0.0194174757281553,0.2681159420289855,0.0596153846153846,0.0648064806480648,0.0965250965250965,0.0407809110629067,0.0833333333333333,0.0970873786407767,0.2103448275862069,0.0208333333333333,0.1741573033707865,0.2793296089385474,0.0348837209302325,0.1359223300970873,0.0834879406307977,0.2384473197781885,0.2183908045977011,0.0172413793103448,0.0179282868525896,0.4910179640718562,0.0108695652173913,0.1645569620253164,0.0,0.0133333333333333,0.0454545454545454
15531,chr12,104359600,104382652,ENSG00000139372,TDG,chr12,104609557,104744085,ENSG00000198431,TXNRD1,0.0903614457831325,0.0613861386138613,0.65,0.2666666666666666,0.1518987341772152,0.1228070175438596,0.332541567695962,0.2183288409703504,0.203883495145631,0.1721014492753623,0.2096153846153846,0.0531053105310531,0.081081081081081,0.0845986984815618,0.4375,0.1917475728155339,0.1344827586206896,0.0583333333333333,0.0224719101123595,0.0167597765363128,0.1162790697674418,0.203883495145631,0.0315398886827458,0.1940850277264325,0.0229885057471264,0.2758620689655172,0.0617529880478087,0.1377245508982036,0.266304347826087,0.0,0.2251655629139073,0.02,0.106060606060606
16107,chr12,14518566,14655869,ENSG00000171681,ATF7IP,chr12,14927317,14930936,ENSG00000246705,H2AJ,0.2228915662650602,0.1188118811881188,0.5125,0.0083333333333333,0.0126582278481012,0.0526315789473684,0.0356294536817102,0.0646900269541779,0.0412621359223301,0.0670289855072463,0.1096153846153846,0.0909090909090909,0.2972972972972973,0.0420824295010846,0.0,0.0995145631067961,0.0862068965517241,0.2208333333333333,0.0505617977528089,0.0782122905027933,0.005813953488372,0.3689320388349514,0.0630797773654916,0.0480591497227356,0.1839080459770115,0.0034482758620689,0.0737051792828685,0.0199600798403193,0.0054347826086956,0.379746835443038,0.0,0.02,0.0303030303030303
16108,chr12,2985424,2998690,ENSG00000171792,RHNO1,chr12,1675159,1703747,ENSG00000171823,FBXL14,0.0240963855421686,0.0811881188118811,0.6375,0.0083333333333333,0.0189873417721519,0.0,0.0807600950118764,0.0026954177897574,0.0339805825242718,0.0090579710144927,0.0,0.0027002700270027,0.0115830115830115,0.0746203904555314,0.0208333333333333,0.0,0.3068965517241379,0.0083333333333333,0.0168539325842696,0.0111731843575419,0.0155038759689922,0.0097087378640776,0.0037105751391465,0.2033271719038817,0.0,0.1793103448275862,0.0019920318725099,0.0,0.0217391304347826,0.0632911392405063,0.0728476821192053,0.0,0.0454545454545454
16769,chr14,65002623,65012891,ENSG00000126803,HSPA2,chr14,65170820,65216967,ENSG00000126822,PLEKHG3,0.0240963855421686,0.0,0.625,0.0583333333333333,0.0,0.0,0.01187648456057,0.0,0.0024271844660194,0.0344202898550724,0.2653846153846154,0.0117011701170117,0.0926640926640926,0.1184381778741865,0.0,0.0194174757281553,0.0379310344827586,0.0145833333333333,0.0168539325842696,0.0335195530726257,0.0930232558139534,0.2912621359223301,0.0074211502782931,0.0018484288354898,0.1149425287356321,0.2137931034482758,0.0697211155378486,0.0,0.0815217391304347,0.0,0.0397350993377483,0.0,0.0151515151515151
16952,chr14,105235686,105262088,ENSG00000142208,AKT1,chr14,104022881,104029168,ENSG00000166170,BAG5,0.2650602409638554,0.0079207920792079,0.5375,0.1583333333333333,0.1455696202531645,0.1578947368421052,0.0356294536817102,0.0485175202156334,0.0655339805825242,0.1503623188405797,0.173076923076923,0.1287128712871287,0.3513513513513513,0.0173535791757049,0.4583333333333333,0.1601941747572815,0.0103448275862068,0.2229166666666666,0.0561797752808988,0.0837988826815642,0.0251937984496124,0.4951456310679611,0.0371057513914656,0.0055452865064695,0.0344827586206896,0.1,0.1553784860557769,0.1716566866267465,0.0760869565217391,0.1392405063291139,0.0264900662251655,0.22,0.3181818181818182
17104,chr14,103995533,104003410,ENSG00000166166,TRMT61A,chr14,105714827,105717430,ENSG00000184887,BTBD6,0.1746987951807229,0.0217821782178217,0.6875,0.15,0.120253164556962,0.2105263157894736,0.0380047505938242,0.0808625336927223,0.012135922330097,0.2119565217391304,0.1442307692307692,0.0459045904590459,0.3474903474903475,0.0108459869848156,0.0833333333333333,0.2548543689320388,0.0206896551724137,0.1208333333333333,0.0449438202247191,0.1117318435754189,0.0155038759689922,0.2233009708737864,0.1799628942486085,0.0203327171903881,0.1954022988505747,0.1344827586206896,0.0916334661354581,0.4750499001996008,0.0,0.1139240506329113,0.0,0.0333333333333333,0.1363636363636363
17380,chr15,65871091,65903627,ENSG00000138614,INTS14,chr15,66782473,66790118,ENSG00000174446,SNAPC5,0.1626506024096385,0.0792079207920792,0.6875,0.1166666666666666,0.0,0.1052631578947368,0.2185273159144893,0.4636118598382749,0.0436893203883495,0.1884057971014492,0.0192307692307692,0.0801080108010801,0.054054054054054,0.0255965292841648,0.0625,0.0679611650485436,0.1344827586206896,0.0916666666666666,0.0224719101123595,0.0167597765363128,0.0096899224806201,0.116504854368932,0.0037105751391465,0.0166358595194085,0.0919540229885057,0.0827586206896551,0.0,0.0199600798403193,0.0108695652173913,0.189873417721519,0.0132450331125827,0.0466666666666666,0.0303030303030303
17789,chr15,65440557,65477680,ENSG00000166855,CLPX,chr15,66782473,66790118,ENSG00000174446,SNAPC5,0.108433734939759,0.100990099009901,0.675,0.0916666666666666,0.0,0.1052631578947368,0.1638954869358669,0.4393530997304582,0.0825242718446602,0.1539855072463768,0.1711538461538461,0.1062106210621062,0.0579150579150579,0.1709327548806941,0.0625,0.0946601941747572,0.1758620689655172,0.1,0.0112359550561797,0.0,0.0096899224806201,0.0485436893203883,0.0055658627087198,0.0166358595194085,0.1034482758620689,0.0551724137931034,0.0059760956175298,0.0439121756487025,0.0706521739130434,0.1518987341772152,0.1456953642384106,0.06,0.0454545454545454
17804,chr15,66585555,66626236,ENSG00000166938,DIS3L,chr15,66782473,66790118,ENSG00000174446,SNAPC5,0.0,0.0237623762376237,0.6625,0.0166666666666666,0.0,0.0,0.0617577197149643,0.1239892183288409,0.012135922330097,0.056159420289855,0.0057692307692307,0.0252025202520252,0.0077220077220077,0.092407809110629,0.0,0.0242718446601941,0.0379310344827586,0.0104166666666666,0.0056179775280898,0.0055865921787709,0.001937984496124,0.0485436893203883,0.0,0.0036968576709796,0.0114942528735632,0.0068965517241379,0.0,0.0039920159680638,0.0054347826086956,0.0886075949367088,0.0662251655629139,0.0333333333333333,0.0303030303030303
17834,chr15,68570083,68588200,ENSG00000169018,FEM1B,chr15,66782473,66790118,ENSG00000174446,SNAPC5,0.0903614457831325,0.1445544554455445,0.8375,0.1333333333333333,0.0253164556962025,0.1403508771929824,0.2090261282660332,0.4501347708894879,0.058252427184466,0.181159420289855,0.3057692307692308,0.0765076507650765,0.0656370656370656,0.3084598698481562,0.0625,0.1286407766990291,0.2172413793103448,0.0708333333333333,0.0280898876404494,0.0670391061452514,0.1395348837209302,0.1553398058252427,0.0185528756957328,0.077634011090573,0.1264367816091954,0.1586206896551724,0.0219123505976095,0.0858283433133732,0.1576086956521739,0.2278481012658227,0.3377483443708609,0.0466666666666666,0.1515151515151515
17870,chr15,66782473,66790118,ENSG00000174446,SNAPC5,chr15,64979772,64995480,ENSG00000180304,OAZ2,0.0240963855421686,0.0554455445544554,0.6,0.0583333333333333,0.0,0.0526315789473684,0.0712589073634204,0.2857142857142857,0.012135922330097,0.0960144927536231,0.0153846153846153,0.0342034203420342,0.0308880308880308,0.0238611713665943,0.0625,0.0194174757281553,0.0655172413793103,0.0229166666666666,0.0168539325842696,0.0726256983240223,0.0077519379844961,0.1067961165048543,0.0018552875695732,0.0388170055452865,0.057471264367816,0.0137931034482758,0.0019920318725099,0.0019960079840319,0.0,0.1012658227848101,0.2119205298013245,0.04,0.0303030303030303
17931,chr16,3775055,3930714,ENSG00000005339,CREBBP,chr16,3074028,3077756,ENSG00000131652,THOC6,0.0,0.0019801980198019,0.8375,0.0,0.0316455696202531,0.0,0.002375296912114,0.0053908355795148,0.0242718446601941,0.0036231884057971,0.0923076923076923,0.0045004500450045,0.4980694980694981,0.0264642082429501,0.125,0.0145631067961165,0.0482758620689655,0.0,0.0,0.0111731843575419,0.0310077519379844,0.3300970873786408,0.0037105751391465,0.0591497227356746,0.2758620689655172,0.0793103448275862,0.0418326693227091,0.0059880239520958,0.0543478260869565,0.4050632911392405,0.0,0.0,0.0454545454545454
18023,chr16,67977377,68003504,ENSG00000124067,SLC12A4,chr16,68054819,68057135,ENSG00000182810,DDX28,0.0963855421686747,0.0019801980198019,0.525,0.0,0.0063291139240506,0.0,0.01187648456057,0.0053908355795148,0.0,0.0054347826086956,0.0038461538461538,0.0,0.0077220077220077,0.0039045553145336,0.0625,0.0024271844660194,0.0206896551724137,0.05,0.0,0.0,0.0,0.0388349514563106,0.0037105751391465,0.0018484288354898,0.0,0.0068965517241379,0.0039840637450199,0.0,0.0108695652173913,0.1518987341772152,0.0066225165562913,0.0,0.0
18071,chr16,3701640,3767554,ENSG00000126602,TRAP1,chr16,2009539,2011976,ENSG00000140990,NDUFB10,0.0481927710843373,0.0138613861386138,0.5375,0.05,0.1139240506329113,0.1403508771929824,0.1472684085510688,0.320754716981132,0.0825242718446602,0.2355072463768115,0.1403846153846153,0.1152115211521152,0.0579150579150579,0.0182212581344902,0.25,0.1868932038834951,0.4206896551724138,0.1125,0.0449438202247191,0.0391061452513966,0.067829457364341,0.203883495145631,0.137291280148423,0.2939001848428835,0.1839080459770115,0.2172413793103448,0.1294820717131474,0.0399201596806387,0.0597826086956521,0.1392405063291139,0.0,0.1533333333333333,0.2575757575757575
18419,chr16,72127512,72146811,ENSG00000140829,DHX38,chr16,71879899,71965102,ENSG00000182149,IST1,0.2289156626506024,0.3405940594059406,0.575,0.125,0.0443037974683544,0.3157894736842105,0.0166270783847981,0.1967654986522911,0.029126213592233,0.2355072463768115,0.2673076923076923,0.3132313231323132,0.3436293436293436,0.0308026030368763,0.2708333333333333,0.3276699029126214,0.0413793103448275,0.2375,0.1292134831460674,0.3631284916201117,0.0232558139534883,0.2427184466019417,0.2170686456400742,0.0757855822550831,0.2758620689655172,0.0137931034482758,0.1055776892430278,0.1916167664670658,0.0054347826086956,0.189873417721519,0.0066225165562913,0.1733333333333333,0.2878787878787879
18717,chr16,67927157,67963579,ENSG00000159792,PSKH1,chr16,69221032,69342955,ENSG00000168807,SNTB2,0.0180722891566265,0.0,0.5125,0.0,0.1962025316455696,0.0175438596491228,0.0237529691211401,0.0431266846361186,0.0024271844660194,0.0326086956521739,0.0038461538461538,0.0135013501350135,0.0077220077220077,0.0091106290672451,0.0208333333333333,0.0072815533980582,0.1206896551724138,0.0229166666666666,0.0,0.0391061452513966,0.067829457364341,0.1359223300970873,0.0055658627087198,0.0055452865064695,0.0,0.0,0.0059760956175298,0.0,0.0054347826086956,0.0253164556962025,0.304635761589404,0.02,0.0151515151515151
18968,chr16,28565236,28603111,ENSG00000176476,SGF29,chr16,28853732,28857669,ENSG00000178952,TUFM,0.072289156626506,0.0752475247524752,0.6375,0.325,0.0126582278481012,0.1052631578947368,0.007125890736342,0.0323450134770889,0.0097087378640776,0.233695652173913,0.075,0.0792079207920792,0.0772200772200772,0.0099783080260303,0.1458333333333333,0.0995145631067961,0.1068965517241379,0.0895833333333333,0.0056179775280898,0.0502793296089385,0.1453488372093023,0.1067961165048543,0.0278293135435992,0.011090573012939,0.0689655172413793,0.1586206896551724,0.0139442231075697,0.0279441117764471,0.0163043478260869,0.2151898734177215,0.0,0.12,0.0606060606060606
19182,chr17,27582857,27621166,ENSG00000108256,NUFIP2,chr17,27893070,27900175,ENSG00000167543,TP53I13,0.1325301204819277,0.0039603960396039,0.7375,0.0833333333333333,0.1392405063291139,0.175438596491228,0.0950118764845605,0.0,0.0776699029126213,0.1123188405797101,0.1346153846153846,0.0486048604860486,0.0694980694980695,0.0824295010845987,0.0416666666666666,0.1262135922330097,0.1172413793103448,0.1583333333333333,0.0393258426966292,0.0782122905027933,0.2441860465116279,0.4368932038834951,0.0575139146567718,0.0092421441774491,0.4022988505747126,0.0724137931034482,0.1673306772908366,0.0119760479041916,0.125,0.0,0.4105960264900662,0.0733333333333333,0.0151515151515151
19581,chr17,28575221,28619074,ENSG00000108578,BLMH,chr17,27893070,27900175,ENSG00000167543,TP53I13,0.2108433734939759,0.0019801980198019,0.85,0.1416666666666666,0.0949367088607595,0.175438596491228,0.1235154394299287,0.0053908355795148,0.0995145631067961,0.1195652173913043,0.1538461538461538,0.0576057605760576,0.0733590733590733,0.0047722342733188,0.0416666666666666,0.116504854368932,0.1103448275862069,0.1895833333333333,0.0337078651685393,0.0949720670391061,0.2926356589147287,0.4563106796116505,0.0519480519480519,0.0073937153419593,0.367816091954023,0.0758620689655172,0.2051792828685259,0.0059880239520958,0.108695652173913,0.0,0.0264900662251655,0.1133333333333333,0.0151515151515151
19582,chr17,28575221,28619074,ENSG00000108578,BLMH,chr17,27887565,27894055,ENSG00000168792,ABHD15,0.1144578313253012,0.0039603960396039,0.7,0.0416666666666666,0.0696202531645569,0.087719298245614,0.0641330166270783,0.0026954177897574,0.0655339805825242,0.0851449275362318,0.0884615384615384,0.0468046804680468,0.0501930501930501,0.0039045553145336,0.0208333333333333,0.1019417475728155,0.1,0.1208333333333333,0.0337078651685393,0.0502793296089385,0.313953488372093,0.3786407766990291,0.0371057513914656,0.0055452865064695,0.2988505747126437,0.0413793103448275,0.1553784860557769,0.0019960079840319,0.0815217391304347,0.0,0.0198675496688741,0.0533333333333333,0.0
19877,chr17,40719090,40725257,ENSG00000108788,MLX,chr17,42154114,42201070,ENSG00000108840,HDAC5,0.0903614457831325,0.2099009900990099,0.7125,0.0583333333333333,0.0696202531645569,0.1403508771929824,0.0522565320665083,0.0619946091644204,0.0242718446601941,0.0815217391304347,0.0211538461538461,0.1008100810081008,0.1583011583011583,0.0815618221258134,0.0416666666666666,0.0606796116504854,0.1517241379310344,0.0395833333333333,0.0449438202247191,0.0726256983240223,0.2577519379844961,0.2718446601941747,0.0333951762523191,0.0073937153419593,0.0114942528735632,0.0344827586206896,0.0119521912350597,0.0578842315369261,0.0163043478260869,0.0886075949367088,0.0397350993377483,0.12,0.0757575757575757
20066,chr17,42154114,42201070,ENSG00000108840,HDAC5,chr17,42927316,42976813,ENSG00000108883,EFTUD2,0.1024096385542168,0.0,0.5625,0.025,0.0189873417721519,0.1228070175438596,0.0166270783847981,0.0107816711590296,0.0533980582524271,0.0597826086956521,0.0346153846153846,0.0225022502250225,0.027027027027027,0.068112798264642,0.0208333333333333,0.0509708737864077,0.0137931034482758,0.0729166666666666,0.0056179775280898,0.0,0.0193798449612403,0.087378640776699,0.0278293135435992,0.0018484288354898,0.057471264367816,0.0551724137931034,0.0318725099601593,0.0,0.0434782608695652,0.0632911392405063,0.2052980132450331,0.1266666666666666,0.0
20068,chr17,42154114,42201070,ENSG00000108840,HDAC5,chr17,40962152,40985367,ENSG00000126581,BECN1,0.0120481927710843,0.0039603960396039,0.525,0.0166666666666666,0.0126582278481012,0.0175438596491228,0.0261282660332541,0.0161725067385444,0.0655339805825242,0.0271739130434782,0.0173076923076923,0.0558055805580558,0.054054054054054,0.147939262472885,0.0416666666666666,0.0218446601941747,0.0206896551724137,0.0354166666666666,0.0056179775280898,0.0111731843575419,0.0096899224806201,0.0388349514563106,0.0148423005565862,0.011090573012939,0.0344827586206896,0.0551724137931034,0.0139442231075697,0.0079840319361277,0.092391304347826,0.0253164556962025,0.3311258278145695,0.3866666666666666,0.0303030303030303
20072,chr17,42154114,42201070,ENSG00000108840,HDAC5,chr17,41003201,41010147,ENSG00000131471,AOC3,0.072289156626506,0.0455445544554455,0.5375,0.0083333333333333,0.0632911392405063,0.175438596491228,0.1828978622327791,0.0269541778975741,0.1019417475728155,0.1322463768115942,0.0192307692307692,0.0693069306930693,0.3706563706563706,0.1596529284164859,0.0625,0.1213592233009708,0.1379310344827586,0.075,0.0730337078651685,0.3463687150837989,0.2131782945736434,0.0776699029126213,0.0556586270871985,0.0628465804066543,0.1149425287356321,0.0586206896551724,0.0239043824701195,0.0518962075848303,0.0326086956521739,0.3924050632911392,0.1721854304635761,0.34,0.0606060606060606
20076,chr17,42154114,42201070,ENSG00000108840,HDAC5,chr17,40731531,40762641,ENSG00000141699,RETREG3,0.1265060240963855,0.1227722772277227,0.9125,0.0333333333333333,0.0316455696202531,0.2456140350877192,0.1092636579572446,0.0269541778975741,0.1286407766990291,0.2971014492753623,0.023076923076923,0.0945094509450945,0.3243243243243243,0.1240780911062906,0.0625,0.1043689320388349,0.1241379310344827,0.1229166666666666,0.0674157303370786,0.4636871508379888,0.1821705426356589,0.1359223300970873,0.0389610389610389,0.0794824399260628,0.2413793103448276,0.1655172413793103,0.0338645418326693,0.0319361277445109,0.0706521739130434,0.189873417721519,0.23841059602649,0.3066666666666666,0.0
20089,chr17,42154114,42201070,ENSG00000108840,HDAC5,chr17,43225842,43229466,ENSG00000186834,HEXIM1,0.1566265060240964,0.1029702970297029,0.575,0.0166666666666666,0.1012658227848101,0.0701754385964912,0.1852731591448931,0.0781671159029649,0.1626213592233009,0.197463768115942,0.0288461538461538,0.0603060306030603,0.0965250965250965,0.0247288503253796,0.0416666666666666,0.1796116504854369,0.093103448275862,0.1645833333333333,0.0168539325842696,0.0335195530726257,0.2790697674418604,0.1262135922330097,0.0371057513914656,0.0591497227356746,0.2183908045977011,0.0793103448275862,0.0179282868525896,0.0139720558882235,0.0543478260869565,0.2278481012658227,0.0,0.0066666666666666,0.0454545454545454
20401,chr17,26646226,26655711,ENSG00000109084,TMEM97,chr17,27893070,27900175,ENSG00000167543,TP53I13,0.1144578313253012,0.0118811881188118,0.8125,0.0666666666666666,0.0316455696202531,0.0526315789473684,0.0617577197149643,0.0080862533692722,0.0800970873786407,0.0905797101449275,0.1,0.0306030603060306,0.0308880308880308,0.0169197396963123,0.0416666666666666,0.1092233009708737,0.1103448275862069,0.125,0.0337078651685393,0.106145251396648,0.191860465116279,0.3106796116504854,0.0352504638218923,0.011090573012939,0.367816091954023,0.0517241379310344,0.0876494023904382,0.0079840319361277,0.0760869565217391,0.0,0.0264900662251655,0.0266666666666666,0.0
20402,chr17,26646226,26655711,ENSG00000109084,TMEM97,chr17,27887565,27894055,ENSG00000168792,ABHD15,0.0542168674698795,0.0099009900990099,0.5375,0.0166666666666666,0.0189873417721519,0.0175438596491228,0.0261282660332541,0.0053908355795148,0.0509708737864077,0.0489130434782608,0.0442307692307692,0.0216021602160216,0.0193050193050193,0.0199566160520607,0.0208333333333333,0.0995145631067961,0.1,0.0625,0.0224719101123595,0.0391061452513966,0.2926356589147287,0.2135922330097087,0.0222634508348794,0.0092421441774491,0.2413793103448276,0.0275862068965517,0.047808764940239,0.0079840319361277,0.0163043478260869,0.0,0.0198675496688741,0.02,0.0
20434,chr17,26989216,27029697,ENSG00000109111,SUPT6H,chr17,27887565,27894055,ENSG00000168792,ABHD15,0.1144578313253012,0.0079207920792079,0.85,0.0916666666666666,0.0569620253164556,0.1578947368421052,0.0380047505938242,0.0026954177897574,0.0995145631067961,0.1068840579710145,0.1557692307692307,0.1233123312331233,0.0347490347490347,0.0308026030368763,0.0208333333333333,0.1116504854368932,0.0413793103448275,0.1166666666666666,0.0449438202247191,0.1340782122905028,0.25,0.4951456310679611,0.0482374768089053,0.0092421441774491,0.264367816091954,0.0310344827586206,0.1752988047808765,0.0139720558882235,0.233695652173913,0.0,0.0794701986754966,0.0066666666666666,0.0
20446,chr17,27232268,27278789,ENSG00000109118,PHF12,chr17,27893070,27900175,ENSG00000167543,TP53I13,0.0843373493975903,0.0019801980198019,0.625,0.0666666666666666,0.0696202531645569,0.0701754385964912,0.0546318289786223,0.0026954177897574,0.0388349514563106,0.0869565217391304,0.0423076923076923,0.0171017101710171,0.027027027027027,0.0026030368763557,0.0208333333333333,0.0509708737864077,0.0448275862068965,0.0708333333333333,0.0280898876404494,0.0111731843575419,0.2189922480620155,0.2135922330097087,0.0278293135435992,0.0018484288354898,0.160919540229885,0.0241379310344827,0.0776892430278884,0.0,0.0489130434782608,0.0,0.0066225165562913,0.0066666666666666,0.0
20447,chr17,27232268,27278789,ENSG00000109118,PHF12,chr17,27887565,27894055,ENSG00000168792,ABHD15,0.0421686746987951,0.0019801980198019,0.5375,0.0166666666666666,0.0443037974683544,0.0526315789473684,0.0213776722090261,0.0026954177897574,0.0218446601941747,0.0416666666666666,0.0115384615384615,0.0117011701170117,0.0193050193050193,0.0026030368763557,0.0208333333333333,0.0461165048543689,0.0482758620689655,0.0375,0.0280898876404494,0.0111731843575419,0.2286821705426356,0.1359223300970873,0.0185528756957328,0.0018484288354898,0.1034482758620689,0.0103448275862068,0.0438247011952191,0.0019960079840319,0.0380434782608695,0.0,0.0066225165562913,0.0,0.0
20555,chr17,73232694,73258444,ENSG00000125447,GGA3,chr17,74034856,74068598,ENSG00000167881,SRP68,0.0120481927710843,0.0059405940594059,0.5375,0.2166666666666666,0.189873417721519,0.3508771929824561,0.0641330166270783,0.2911051212938005,0.0024271844660194,0.0271739130434782,0.0076923076923076,0.0063006300630063,0.2277992277992278,0.0950108459869848,0.1666666666666666,0.0412621359223301,0.0206896551724137,0.0041666666666666,0.0280898876404494,0.2290502793296089,0.3313953488372093,0.1650485436893204,0.0445269016697588,0.0258780036968576,0.1379310344827586,0.0034482758620689,0.0398406374501992,0.0,0.0543478260869565,0.1265822784810126,0.4635761589403973,0.48,0.0151515151515151
20568,chr17,73232694,73258444,ENSG00000125447,GGA3,chr17,74668633,74707098,ENSG00000182534,MXRA7,0.0060240963855421,0.0613861386138613,0.55,0.0083333333333333,0.1455696202531645,0.0350877192982456,0.1377672209026128,0.0242587601078167,0.0048543689320388,0.0163043478260869,0.0269230769230769,0.0135013501350135,0.166023166023166,0.0590021691973969,0.0,0.0097087378640776,0.0827586206896551,0.0020833333333333,0.0112359550561797,0.0446927374301676,0.0116279069767441,0.0485436893203883,0.0389610389610389,0.0425138632162661,0.0459770114942528,0.0137931034482758,0.0816733067729083,0.0179640718562874,0.0434782608695652,0.0253164556962025,0.1324503311258278,0.02,0.0303030303030303
21119,chr17,38544777,38574148,ENSG00000131747,TOP2A,chr17,40163400,40177662,ENSG00000168256,NKIRAS2,0.0240963855421686,0.1049504950495049,0.55,0.05,0.0949367088607595,0.1578947368421052,0.0498812351543943,0.1105121293800539,0.0461165048543689,0.3568840579710144,0.2461538461538461,0.0801080108010801,0.2857142857142857,0.2685466377440347,0.25,0.203883495145631,0.4413793103448276,0.0291666666666666,0.1292134831460674,0.2569832402234637,0.1027131782945736,0.3495145631067961,0.0890538033395176,0.1275415896487985,0.367816091954023,0.0586206896551724,0.0936254980079681,0.091816367265469,0.0815217391304347,0.2658227848101265,0.2847682119205298,0.2466666666666666,0.0454545454545454
21368,chr17,73841780,73852588,ENSG00000132471,WBP2,chr17,73437240,73496533,ENSG00000177728,TMEM94,0.0,0.0178217821782178,0.55,0.0,0.0063291139240506,0.0,0.007125890736342,0.0323450134770889,0.0,0.0144927536231884,0.0,0.018001800180018,0.0077220077220077,0.0043383947939262,0.0,0.0169902912621359,0.0034482758620689,0.0,0.0168539325842696,0.0670391061452514,0.005813953488372,0.0194174757281553,0.0,0.0073937153419593,0.0,0.0379310344827586,0.0298804780876494,0.0499001996007984,0.0,0.0886075949367088,0.0,0.0,0.0303030303030303
21369,chr17,73841780,73852588,ENSG00000132471,WBP2,chr17,73314157,73401790,ENSG00000177885,GRB2,0.0,0.0495049504950495,0.7125,0.0166666666666666,0.0189873417721519,0.0350877192982456,0.0190023752969121,0.1805929919137466,0.0024271844660194,0.0380434782608695,0.0076923076923076,0.1062106210621062,0.027027027027027,0.0780911062906724,0.0,0.0339805825242718,0.0896551724137931,0.0041666666666666,0.0224719101123595,0.2569832402234637,0.0232558139534883,0.058252427184466,0.0074211502782931,0.0369685767097966,0.0344827586206896,0.1310344827586207,0.0796812749003984,0.2914171656686626,0.0,0.1772151898734177,0.0,0.02,0.3333333333333333
21375,chr17,73841780,73852588,ENSG00000132471,WBP2,chr17,75276651,75496678,ENSG00000184640,SEPTIN9,0.0,0.0297029702970297,0.8,0.0166666666666666,0.0189873417721519,0.0701754385964912,0.0213776722090261,0.0835579514824797,0.0024271844660194,0.125,0.0211538461538461,0.0477047704770477,0.0501930501930501,0.0125813449023861,0.0,0.0412621359223301,0.0344827586206896,0.0041666666666666,0.0112359550561797,0.1340782122905028,0.0155038759689922,0.1553398058252427,0.0074211502782931,0.0295748613678373,0.0,0.1172413793103448,0.0677290836653386,0.2255489021956087,0.0163043478260869,0.1518987341772152,0.0,0.02,0.1818181818181818
21479,chr17,26975364,26989207,ENSG00000132581,SDF2,chr17,27893070,27900175,ENSG00000167543,TP53I13,0.1024096385542168,0.0277227722772277,0.7375,0.1166666666666666,0.0189873417721519,0.1228070175438596,0.0522565320665083,0.0188679245283018,0.0388349514563106,0.0887681159420289,0.0576923076923076,0.0378037803780378,0.0617760617760617,0.0104121475054229,0.1041666666666666,0.0776699029126213,0.0517241379310344,0.0979166666666666,0.0337078651685393,0.0279329608938547,0.1085271317829457,0.3203883495145631,0.0241187384044526,0.0036968576709796,0.2298850574712643,0.0068965517241379,0.0756972111553784,0.0518962075848303,0.0652173913043478,0.0,0.119205298013245,0.02,0.0
21684,chr17,2240792,2284352,ENSG00000141258,SGSM2,chr17,289769,295730,ENSG00000183688,RFLNB,0.2048192771084337,0.0752475247524752,0.5875,0.45,0.1455696202531645,0.2982456140350877,0.01187648456057,0.0215633423180593,0.0631067961165048,0.0815217391304347,0.4153846153846154,0.1071107110711071,0.1853281853281853,0.0980477223427331,0.2083333333333333,0.1019417475728155,0.0413793103448275,0.20625,0.0617977528089887,0.1899441340782122,0.4166666666666667,0.2912621359223301,0.0779220779220779,0.3937153419593345,0.0804597701149425,0.093103448275862,0.1693227091633466,0.0938123752495009,0.0706521739130434,0.050632911392405,0.1721854304635761,0.1866666666666666,0.0303030303030303
21854,chr17,80196899,80231607,ENSG00000141551,CSNK1D,chr17,80416056,80448413,ENSG00000141562,NARF,0.0060240963855421,0.0,0.625,0.0333333333333333,0.0,0.1228070175438596,0.01187648456057,0.0242587601078167,0.0024271844660194,0.0869565217391304,0.0019230769230769,0.018001800180018,0.0193050193050193,0.161822125813449,0.0208333333333333,0.0776699029126213,0.1413793103448276,0.00625,0.0056179775280898,0.0167597765363128,0.0232558139534883,0.1359223300970873,0.1595547309833024,0.0055452865064695,0.0114942528735632,0.0517241379310344,0.0358565737051792,0.0259481037924151,0.0,0.050632911392405,0.0529801324503311,0.0933333333333333,0.0151515151515151
21873,chr17,80196899,80231607,ENSG00000141551,CSNK1D,chr17,80400462,80408705,ENSG00000178927,CYBC1,0.0,0.0019801980198019,0.775,0.0166666666666666,0.0,0.0,0.0,0.0026954177897574,0.0,0.019927536231884,0.0,0.0072007200720072,0.0115830115830115,0.1297180043383947,0.1666666666666666,0.0339805825242718,0.0137931034482758,0.0,0.0168539325842696,0.0,0.0155038759689922,0.0970873786407767,0.0667903525046382,0.0036968576709796,0.0229885057471264,0.0,0.0219123505976095,0.059880239520958,0.0,0.0126582278481012,0.0198675496688741,0.0133333333333333,0.0151515151515151
22002,chr17,80416056,80448413,ENSG00000141562,NARF,chr17,79218611,79269347,ENSG00000157637,SLC38A10,0.0120481927710843,0.0059405940594059,0.8375,0.0333333333333333,0.0063291139240506,0.2105263157894736,0.007125890736342,0.0296495956873315,0.0,0.144927536231884,0.0134615384615384,0.0144014401440144,0.0733590733590733,0.0872017353579175,0.25,0.1529126213592233,0.0517241379310344,0.0104166666666666,0.0112359550561797,0.0,0.003875968992248,0.1067961165048543,0.1465677179962894,0.0055452865064695,0.1149425287356321,0.0379310344827586,0.0398406374501992,0.0219560878243512,0.0,0.0379746835443038,0.1854304635761589,0.0533333333333333,0.0
22137,chr17,79163393,79196799,ENSG00000141577,CEP131,chr17,80400462,80408705,ENSG00000178927,CYBC1,0.0,0.0039603960396039,0.7625,0.0,0.0063291139240506,0.1403508771929824,0.002375296912114,0.0080862533692722,0.0,0.0163043478260869,0.0,0.0081008100810081,0.0231660231660231,0.0104121475054229,0.4166666666666667,0.0266990291262135,0.0034482758620689,0.0,0.0112359550561797,0.0,0.0096899224806201,0.0776699029126213,0.0519480519480519,0.0,0.0344827586206896,0.0034482758620689,0.0278884462151394,0.0239520958083832,0.0,0.0,0.0066225165562913,0.0266666666666666,0.0151515151515151
22168,chr17,80572438,80606429,ENSG00000141580,WDR45B,chr17,80400462,80408705,ENSG00000178927,CYBC1,0.0481927710843373,0.0079207920792079,0.7625,0.0166666666666666,0.2088607594936709,0.3684210526315789,0.0831353919239905,0.0161725067385444,0.0194174757281553,0.2047101449275362,0.0365384615384615,0.0765076507650765,0.1042471042471042,0.1405639913232104,0.4375,0.2572815533980582,0.0551724137931034,0.0208333333333333,0.0224719101123595,0.0167597765363128,0.0271317829457364,0.1941747572815534,0.2782931354359926,0.0018484288354898,0.2068965517241379,0.0758620689655172,0.1932270916334661,0.06187624750499,0.0108695652173913,0.0632911392405063,0.1059602649006622,0.28,0.0151515151515151
22325,chr17,79218611,79269347,ENSG00000157637,SLC38A10,chr17,80400462,80408705,ENSG00000178927,CYBC1,0.0060240963855421,0.0138613861386138,0.6125,0.0666666666666666,0.0,0.0350877192982456,0.0,0.0026954177897574,0.0,0.0471014492753623,0.0038461538461538,0.0135013501350135,0.0193050193050193,0.0420824295010846,0.125,0.0485436893203883,0.0517241379310344,0.0020833333333333,0.0168539325842696,0.0111731843575419,0.0116279069767441,0.0485436893203883,0.0575139146567718,0.0,0.0459770114942528,0.0034482758620689,0.0159362549800796,0.0638722554890219,0.0,0.0126582278481012,0.0927152317880794,0.0,0.0
22347,chr17,45900638,45908907,ENSG00000159111,MRPL10,chr17,45973516,46006323,ENSG00000167182,SP2,0.036144578313253,0.0178217821782178,0.65,0.1916666666666666,0.0253164556962025,0.1578947368421052,0.2660332541567696,0.0269541778975741,0.4635922330097087,0.0978260869565217,0.0153846153846153,0.036003600360036,0.1505791505791505,0.0767895878524945,0.1458333333333333,0.0194174757281553,0.0655172413793103,0.0104166666666666,0.0056179775280898,0.0055865921787709,0.1027131782945736,0.3106796116504854,0.046382189239332,0.022181146025878,0.0229885057471264,0.0068965517241379,0.0657370517928286,0.0019960079840319,0.266304347826087,0.0126582278481012,0.390728476821192,0.1266666666666666,0.0303030303030303
22411,chr17,72858619,72869156,ENSG00000161513,FDXR,chr17,74077097,74117657,ENSG00000182473,EXOC7,0.0301204819277108,0.0059405940594059,0.725,0.1416666666666666,0.0253164556962025,0.0701754385964912,0.2779097387173396,0.0161725067385444,0.0339805825242718,0.144927536231884,0.0769230769230769,0.0423042304230423,0.0694980694980695,0.1067245119305856,0.0416666666666666,0.1820388349514563,0.4620689655172413,0.025,0.0,0.0223463687150838,0.0155038759689922,0.1844660194174757,0.0538033395176252,0.2088724584103512,0.1494252873563218,0.0862068965517241,0.0697211155378486,0.3093812375249501,0.0652173913043478,0.2784810126582278,0.4503311258278146,0.0733333333333333,0.0151515151515151
22541,chr17,8316449,8393729,ENSG00000166579,NDEL1,chr17,7362685,7387582,ENSG00000174282,ZBTB4,0.0060240963855421,0.3445544554455445,0.675,0.05,0.0569620253164556,0.3333333333333333,0.2945368171021377,0.0053908355795148,0.0388349514563106,0.2481884057971014,0.0019230769230769,0.0603060306030603,0.1274131274131274,0.0893709327548807,0.0,0.0339805825242718,0.1275862068965517,0.0041666666666666,0.0280898876404494,0.0670391061452514,0.3449612403100775,0.4271844660194174,0.1001855287569573,0.0739371534195933,0.3793103448275862,0.0172413793103448,0.047808764940239,0.0958083832335329,0.0706521739130434,0.0,0.0,0.3533333333333333,0.1212121212121212
22575,chr17,1323983,1366456,ENSG00000167193,CRK,chr17,1619817,1641893,ENSG00000167716,WDR81,0.0060240963855421,0.0,0.6625,0.0083333333333333,0.0,0.0,0.0,0.1994609164420485,0.0048543689320388,0.0018115942028985,0.0,0.0009000900090009,0.0,0.0394793926247288,0.0416666666666666,0.0048543689320388,0.0586206896551724,0.0,0.0056179775280898,0.0279329608938547,0.0,0.1844660194174757,0.0037105751391465,0.1090573012939001,0.0,0.0034482758620689,0.0,0.0,0.0,0.0126582278481012,0.0529801324503311,0.0066666666666666,0.0303030303030303
22644,chr17,80693491,80709072,ENSG00000167363,FN3K,chr17,80015382,80023763,ENSG00000169718,DUS1L,0.0060240963855421,0.0019801980198019,0.5125,0.025,0.0379746835443038,0.0526315789473684,0.0380047505938242,0.2803234501347709,0.0194174757281553,0.0307971014492753,0.1711538461538461,0.0846084608460846,0.1274131274131274,0.1275488069414316,0.0416666666666666,0.0436893203883495,0.3517241379310344,0.0270833333333333,0.0505617977528089,0.0279329608938547,0.0794573643410852,0.1262135922330097,0.0649350649350649,0.0831792975970425,0.0804597701149425,0.1275862068965517,0.0856573705179282,0.0099800399201596,0.0978260869565217,0.2531645569620253,0.4437086092715231,0.0066666666666666,0.0454545454545454
22651,chr17,80693491,80709072,ENSG00000167363,FN3K,chr17,80400462,80408705,ENSG00000178927,CYBC1,0.0,0.0,0.825,0.0083333333333333,0.0,0.0175438596491228,0.002375296912114,0.0215633423180593,0.0,0.0108695652173913,0.0019230769230769,0.0144014401440144,0.0154440154440154,0.0190889370932754,0.1875,0.0169902912621359,0.0344827586206896,0.0020833333333333,0.0,0.0055865921787709,0.0155038759689922,0.0679611650485436,0.0352504638218923,0.0018484288354898,0.0,0.0034482758620689,0.0398406374501992,0.0099800399201596,0.0,0.050632911392405,0.0066225165562913,0.02,0.0151515151515151
22666,chr17,80693491,80709072,ENSG00000167363,FN3K,chr17,79002930,79008681,ENSG00000226137,BAIAP2-DT,0.0060240963855421,0.0,0.5125,0.0666666666666666,0.0,0.0526315789473684,0.0593824228028503,0.1913746630727762,0.0194174757281553,0.0144927536231884,0.2865384615384615,0.0315031503150315,0.0733590733590733,0.0203904555314533,0.2083333333333333,0.058252427184466,0.2413793103448276,0.0020833333333333,0.0056179775280898,0.1229050279329608,0.125968992248062,0.0970873786407767,0.0426716141001855,0.0203327171903881,0.0459770114942528,0.2758620689655172,0.099601593625498,0.1097804391217564,0.1413043478260869,0.2531645569620253,0.0066225165562913,0.0,0.1363636363636363
22914,chr17,79981181,79989027,ENSG00000169683,LRRC45,chr17,80400462,80408705,ENSG00000178927,CYBC1,0.0,0.0059405940594059,0.7125,0.05,0.0,0.0350877192982456,0.002375296912114,0.0026954177897574,0.0,0.0289855072463768,0.0038461538461538,0.0135013501350135,0.0193050193050193,0.0655097613882863,0.2083333333333333,0.0412621359223301,0.0172413793103448,0.0,0.0056179775280898,0.0,0.005813953488372,0.0679611650485436,0.0222634508348794,0.0,0.0114942528735632,0.0103448275862068,0.0258964143426294,0.0439121756487025,0.0,0.0,0.0132450331125827,0.0266666666666666,0.0151515151515151
22942,chr17,79976578,79981983,ENSG00000169689,CENPX,chr17,80400462,80408705,ENSG00000178927,CYBC1,0.0421686746987951,0.0099009900990099,0.8375,0.0833333333333333,0.0569620253164556,0.1578947368421052,0.0261282660332541,0.0215633423180593,0.0242718446601941,0.0887681159420289,0.025,0.0477047704770477,0.0772200772200772,0.0898047722342733,0.4791666666666667,0.1723300970873786,0.0448275862068965,0.0229166666666666,0.0112359550561797,0.0055865921787709,0.0116279069767441,0.0970873786407767,0.1521335807050092,0.0036968576709796,0.1034482758620689,0.0448275862068965,0.097609561752988,0.091816367265469,0.0054347826086956,0.0126582278481012,0.0331125827814569,0.0933333333333333,0.0454545454545454
23432,chr17,80400462,80408705,ENSG00000178927,CYBC1,chr17,80347086,80376513,ENSG00000181396,OGFOD3,0.0120481927710843,0.0316831683168316,0.6375,0.1333333333333333,0.0063291139240506,0.1929824561403508,0.0190023752969121,0.0161725067385444,0.0024271844660194,0.1485507246376811,0.0153846153846153,0.0459045904590459,0.0617760617760617,0.0052060737527114,0.2708333333333333,0.0970873786407767,0.1310344827586207,0.0125,0.0337078651685393,0.0279329608938547,0.0193798449612403,0.1262135922330097,0.1001855287569573,0.0018484288354898,0.0689655172413793,0.0241379310344827,0.0358565737051792,0.1397205588822355,0.0,0.0253164556962025,0.086092715231788,0.0133333333333333,0.0151515151515151
24466,chr19,39971052,39984425,ENSG00000105197,TIMM50,chr19,41816077,41830778,ENSG00000142039,CCDC97,0.3554216867469879,0.0693069306930693,0.7,0.0,0.0063291139240506,0.3157894736842105,0.1923990498812351,0.2587601078167116,0.0509708737864077,0.2934782608695652,0.023076923076923,0.1278127812781278,0.0656370656370656,0.2056399132321041,0.125,0.1189320388349514,0.0724137931034482,0.2833333333333333,0.0393258426966292,0.0782122905027933,0.1569767441860465,0.2524271844660194,0.0742115027829313,0.0092421441774491,0.0344827586206896,0.1344827586206896,0.0557768924302788,0.4650698602794411,0.108695652173913,0.4177215189873418,0.0,0.04,0.2272727272727272
24758,chr19,47759237,47776958,ENSG00000105321,CCDC9,chr19,46110252,46148860,ENSG00000125746,EML2,0.1144578313253012,0.2396039603960396,0.775,0.125,0.0,0.0175438596491228,0.002375296912114,0.0080862533692722,0.0048543689320388,0.0108695652173913,0.0961538461538461,0.0819081908190819,0.0,0.0056399132321041,0.0,0.2475728155339805,0.0241379310344827,0.1208333333333333,0.0617977528089887,0.1452513966480447,0.0135658914728682,0.1844660194174757,0.0166975881261595,0.0018484288354898,0.0,0.2758620689655172,0.049800796812749,0.0239520958083832,0.0108695652173913,0.1645569620253164,0.0066225165562913,0.0,0.1515151515151515
24772,chr19,47759237,47776958,ENSG00000105321,CCDC9,chr19,47793280,47825323,ENSG00000197405,C5AR1,0.0120481927710843,0.0356435643564356,0.5625,0.0333333333333333,0.0949367088607595,0.0350877192982456,0.014251781472684,0.0323450134770889,0.0072815533980582,0.0253623188405797,0.0153846153846153,0.0009000900090009,0.0193050193050193,0.0468546637744034,0.0,0.1116504854368932,0.0068965517241379,0.0395833333333333,0.0112359550561797,0.1117318435754189,0.0910852713178294,0.1553398058252427,0.0074211502782931,0.0018484288354898,0.0,0.0206896551724137,0.0119521912350597,0.0538922155688622,0.0217391304347826,0.1392405063291139,0.0529801324503311,0.0266666666666666,0.0
24827,chr19,41807492,41859827,ENSG00000105329,TGFB1,chr19,42572629,42585704,ENSG00000105732,ZNF574,0.3674698795180723,0.0079207920792079,0.5625,0.0166666666666666,0.1518987341772152,0.0350877192982456,0.1567695961995249,0.3800539083557951,0.0728155339805825,0.1467391304347826,0.0076923076923076,0.09000900090009,0.0386100386100386,0.0863340563991323,0.0416666666666666,0.0849514563106796,0.1103448275862069,0.3625,0.0224719101123595,0.2960893854748603,0.1007751937984496,0.3980582524271844,0.0426716141001855,0.0073937153419593,0.0,0.1689655172413793,0.0398406374501992,0.0239520958083832,0.092391304347826,0.2025316455696202,0.0596026490066225,0.0666666666666666,0.2424242424242424
24837,chr19,41807492,41859827,ENSG00000105329,TGFB1,chr19,40927496,40931899,ENSG00000197019,SERTAD1,0.0481927710843373,0.1306930693069307,0.5125,0.0,0.0253164556962025,0.2105263157894736,0.0427553444180522,0.0269541778975741,0.0097087378640776,0.0543478260869565,0.0211538461538461,0.0747074707470747,0.0926640926640926,0.213882863340564,0.0,0.0655339805825242,0.0068965517241379,0.0666666666666666,0.1179775280898876,0.0446927374301676,0.001937984496124,0.0485436893203883,0.0927643784786641,0.0147874306839186,0.0344827586206896,0.0379310344827586,0.0796812749003984,0.1696606786427145,0.0108695652173913,0.3291139240506329,0.0,0.0066666666666666,0.0757575757575757
25134,chr19,48972465,48985571,ENSG00000105443,CYTH2,chr19,50162826,50169132,ENSG00000126456,IRF3,0.0060240963855421,0.2673267326732673,0.6875,0.0416666666666666,0.0443037974683544,0.0526315789473684,0.009501187648456,0.0835579514824797,0.0242718446601941,0.0688405797101449,0.0307692307692307,0.1503150315031503,0.1235521235521235,0.0954446854663774,0.1041666666666666,0.1092233009708737,0.2034482758620689,0.025,0.0561797752808988,0.0837988826815642,0.1104651162790697,0.3592233009708738,0.0241187384044526,0.4916820702402957,0.3103448275862069,0.0206896551724137,0.0258964143426294,0.1297405189620758,0.0652173913043478,0.2025316455696202,0.3708609271523179,0.26,0.106060606060606
25366,chr19,13001974,13025021,ENSG00000105607,GCDH,chr19,11200138,11244496,ENSG00000130164,LDLR,0.4879518072289157,0.0594059405940594,0.5625,0.1416666666666666,0.1139240506329113,0.087719298245614,0.2114014251781472,0.2048517520215633,0.1553398058252427,0.3423913043478261,0.2057692307692307,0.2358235823582358,0.1428571428571428,0.1049891540130151,0.2291666666666666,0.233009708737864,0.2310344827586206,0.4208333333333333,0.2247191011235955,0.0837988826815642,0.0794573643410852,0.2621359223300971,0.3209647495361781,0.0646950092421441,0.1724137931034483,0.2310344827586206,0.3107569721115538,0.4510978043912175,0.092391304347826,0.0886075949367088,0.1589403973509933,0.1333333333333333,0.4848484848484848
25715,chr19,19386827,19431318,ENSG00000105705,SUGP1,chr19,19756007,19774485,ENSG00000105726,ATP13A1,0.0060240963855421,0.0158415841584158,0.525,0.0666666666666666,0.0822784810126582,0.1403508771929824,0.0332541567695962,0.0188679245283018,0.0,0.1376811594202898,0.0,0.0135013501350135,0.027027027027027,0.0017353579175704,0.0416666666666666,0.0194174757281553,0.0206896551724137,0.0041666666666666,0.0112359550561797,0.0391061452513966,0.0620155038759689,0.0776699029126213,0.0018552875695732,0.0,0.0229885057471264,0.0103448275862068,0.0079681274900398,0.0019960079840319,0.0,0.4430379746835443,0.0066225165562913,0.1,0.0
25767,chr19,42572629,42585704,ENSG00000105732,ZNF574,chr19,41816077,41830778,ENSG00000142039,CCDC97,0.3373493975903614,0.0158415841584158,0.7125,0.0,0.0063291139240506,0.0350877192982456,0.1163895486935867,0.3504043126684636,0.0436893203883495,0.2119565217391304,0.0134615384615384,0.1404140414041404,0.0231660231660231,0.1232104121475054,0.0208333333333333,0.0995145631067961,0.0586206896551724,0.2729166666666666,0.0224719101123595,0.0111731843575419,0.1569767441860465,0.203883495145631,0.0371057513914656,0.0055452865064695,0.0114942528735632,0.2068965517241379,0.0278884462151394,0.3353293413173652,0.0706521739130434,0.3417721518987341,0.0,0.0533333333333333,0.1515151515151515
26079,chr19,6677715,6730573,ENSG00000125730,C3,chr19,7580178,7585911,ENSG00000198816,ZNF358,0.0301204819277108,0.0237623762376237,0.7375,0.025,0.0,0.0526315789473684,0.0831353919239905,0.0161725067385444,0.0024271844660194,0.1304347826086956,0.0019230769230769,0.0153015301530153,0.2046332046332046,0.050759219088937,0.0,0.0388349514563106,0.0689655172413793,0.0083333333333333,0.0112359550561797,0.2681564245810056,0.0290697674418604,0.2233009708737864,0.0,0.0036968576709796,0.0229885057471264,0.1068965517241379,0.0019920318725099,0.0279441117764471,0.0,0.1772151898734177,0.0529801324503311,0.0133333333333333,0.0151515151515151
26081,chr19,6677715,6730573,ENSG00000125730,C3,chr19,8386042,8388224,ENSG00000233927,RPS28,0.0662650602409638,0.2237623762376237,0.5375,0.0583333333333333,0.0316455696202531,0.1052631578947368,0.0427553444180522,0.0026954177897574,0.0194174757281553,0.092391304347826,0.0173076923076923,0.0189018901890189,0.1853281853281853,0.1080260303687635,0.0208333333333333,0.0946601941747572,0.0689655172413793,0.0625,0.0393258426966292,0.1284916201117318,0.0135658914728682,0.2135922330097087,0.0055658627087198,0.0720887245841035,0.0114942528735632,0.0448275862068965,0.0019920318725099,0.0878243512974051,0.0271739130434782,0.1772151898734177,0.2847682119205298,0.1733333333333333,0.2121212121212121
26159,chr19,46110252,46148860,ENSG00000125746,EML2,chr19,47852572,47885961,ENSG00000134815,DHX34,0.3132530120481928,0.0811881188118811,0.7,0.1416666666666666,0.0,0.0526315789473684,0.009501187648456,0.0107816711590296,0.0364077669902912,0.0615942028985507,0.1,0.0495049504950495,0.0115830115830115,0.0164859002169197,0.0,0.366504854368932,0.0206896551724137,0.2770833333333333,0.1292134831460674,0.106145251396648,0.003875968992248,0.2233009708737864,0.0389610389610389,0.0850277264325323,0.0,0.4413793103448276,0.1772908366533864,0.0219560878243512,0.0597826086956521,0.3164556962025316,0.0264900662251655,0.0133333333333333,0.0151515151515151
26163,chr19,46110252,46148860,ENSG00000125746,EML2,chr19,46386866,46389399,ENSG00000170604,IRF2BP1,0.1325301204819277,0.192079207920792,0.5875,0.3666666666666666,0.0063291139240506,0.0350877192982456,0.0593824228028503,0.0350404312668463,0.0315533980582524,0.0615942028985507,0.1038461538461538,0.1377137713771377,0.1003861003861003,0.0151843817787418,0.0625,0.2912621359223301,0.0517241379310344,0.1416666666666666,0.095505617977528,0.3519553072625698,0.0329457364341085,0.2233009708737864,0.0742115027829313,0.310536044362292,0.0114942528735632,0.3931034482758621,0.1274900398406374,0.0439121756487025,0.0434782608695652,0.3670886075949367,0.0264900662251655,0.0,0.3333333333333333
26167,chr19,46110252,46148860,ENSG00000125746,EML2,chr19,47793280,47825323,ENSG00000197405,C5AR1,0.1265060240963855,0.0752475247524752,0.6125,0.1,0.0063291139240506,0.0175438596491228,0.009501187648456,0.0053908355795148,0.029126213592233,0.0326086956521739,0.1134615384615384,0.0675067506750675,0.081081081081081,0.0221258134490238,0.1458333333333333,0.2305825242718446,0.0310344827586206,0.1833333333333333,0.2359550561797752,0.2290502793296089,0.0174418604651162,0.1359223300970873,0.0964749536178107,0.4676524953789279,0.0229885057471264,0.3344827586206896,0.1553784860557769,0.0159680638722554,0.0271739130434782,0.189873417721519,0.0198675496688741,0.0,0.1666666666666666
27117,chr19,10654571,10664094,ENSG00000130734,ATG4D,chr19,11670189,11729976,ENSG00000198551,ZNF627,0.0060240963855421,0.0019801980198019,0.95,0.0333333333333333,0.0,0.0175438596491228,0.0,0.0646900269541779,0.0,0.0090579710144927,0.023076923076923,0.0144014401440144,0.0733590733590733,0.0655097613882863,0.4375,0.012135922330097,0.096551724137931,0.0,0.0,0.0055865921787709,0.0,0.3980582524271844,0.0148423005565862,0.0425138632162661,0.0114942528735632,0.0,0.0059760956175298,0.0019960079840319,0.0054347826086956,0.0,0.0,0.0466666666666666,0.0
27274,chr19,1985437,2034880,ENSG00000133243,BTBD2,chr19,1905371,1926012,ENSG00000227500,SCAMP4,0.1024096385542168,0.1683168316831683,0.7,0.0166666666666666,0.3291139240506329,0.0526315789473684,0.1591448931116389,0.0053908355795148,0.0655339805825242,0.4782608695652174,0.0115384615384615,0.1665166516651665,0.0656370656370656,0.0464208242950108,0.1041666666666666,0.0752427184466019,0.0310344827586206,0.0625,0.0337078651685393,0.0055865921787709,0.1705426356589147,0.2621359223300971,0.0538033395176252,0.0092421441774491,0.057471264367816,0.0620689655172413,0.0219123505976095,0.2694610778443114,0.0434782608695652,0.1392405063291139,0.0132450331125827,0.0133333333333333,0.2424242424242424
27403,chr19,41816077,41830778,ENSG00000142039,CCDC97,chr19,41246761,41257458,ENSG00000188493,C19orf54,0.1867469879518072,0.0316831683168316,0.525,0.0,0.0063291139240506,0.0350877192982456,0.1092636579572446,0.22911051212938,0.0242718446601941,0.108695652173913,0.0019230769230769,0.0468046804680468,0.0231660231660231,0.075054229934924,0.0208333333333333,0.0388349514563106,0.0344827586206896,0.175,0.0056179775280898,0.0335195530726257,0.0562015503875969,0.145631067961165,0.0166975881261595,0.0036968576709796,0.0,0.0655172413793103,0.0119521912350597,0.155688622754491,0.0434782608695652,0.189873417721519,0.0,0.0266666666666666,0.0909090909090909
27460,chr19,10982229,11033751,ENSG00000142453,CARM1,chr19,11274946,11308467,ENSG00000197256,KANK2,0.0662650602409638,0.4752475247524752,0.625,0.0083333333333333,0.0189873417721519,0.0,0.0641330166270783,0.0026954177897574,0.145631067961165,0.0615942028985507,0.0076923076923076,0.0135013501350135,0.0849420849420849,0.0503253796095444,0.0,0.0097087378640776,0.0241379310344827,0.04375,0.0224719101123595,0.0111731843575419,0.0,0.1553398058252427,0.0222634508348794,0.0036968576709796,0.0229885057471264,0.0034482758620689,0.0,0.0678642714570858,0.092391304347826,0.0,0.0,0.0,0.0303030303030303
27548,chr19,5623046,5668489,ENSG00000160633,SAFB,chr19,7580178,7585911,ENSG00000198816,ZNF358,0.0843373493975903,0.0435643564356435,0.7625,0.1166666666666666,0.1455696202531645,0.087719298245614,0.3966745843230403,0.0700808625336927,0.0606796116504854,0.3007246376811594,0.023076923076923,0.0432043204320432,0.3397683397683397,0.054229934924078,0.0,0.0922330097087378,0.1482758620689655,0.0375,0.0393258426966292,0.2905027932960894,0.1220930232558139,0.2524271844660194,0.0296846011131725,0.0517560073937153,0.0689655172413793,0.2275862068965517,0.0119521912350597,0.0479041916167664,0.0543478260869565,0.2911392405063291,0.0066225165562913,0.04,0.0454545454545454
27783,chr19,9715356,9731912,ENSG00000171469,ZNF561,chr19,11670189,11729976,ENSG00000198551,ZNF627,0.0481927710843373,0.0138613861386138,0.925,0.05,0.0063291139240506,0.0175438596491228,0.01187648456057,0.0619946091644204,0.1432038834951456,0.0543478260869565,0.2826923076923077,0.1179117911791179,0.0617760617760617,0.196529284164859,0.1875,0.1189320388349514,0.1620689655172413,0.08125,0.1067415730337078,0.0055865921787709,0.0,0.4466019417475728,0.3079777365491651,0.2181146025878003,0.057471264367816,0.0,0.3266932270916334,0.0558882235528942,0.1413043478260869,0.0,0.0,0.48,0.0151515151515151
27828,chr19,12721732,12744654,ENSG00000173875,ZNF791,chr19,11274946,11308467,ENSG00000197256,KANK2,0.0120481927710843,0.2198019801980198,0.5375,0.1583333333333333,0.0253164556962025,0.0,0.0308788598574821,0.0485175202156334,0.1262135922330097,0.0181159420289855,0.0038461538461538,0.0711071107110711,0.1428571428571428,0.410412147505423,0.0,0.0315533980582524,0.0896551724137931,0.0208333333333333,0.1853932584269663,0.0502793296089385,0.0213178294573643,0.2135922330097087,0.1465677179962894,0.2014787430683918,0.1149425287356321,0.0068965517241379,0.0119521912350597,0.2734530938123752,0.0760869565217391,0.0379746835443038,0.0,0.02,0.0303030303030303
28812,chr2,220236765,220264744,ENSG00000123992,DNPEP,chr2,220094505,220101401,ENSG00000163516,ANKZF1,0.0,0.0,0.5375,0.0,0.0,0.0175438596491228,0.0166270783847981,0.0026954177897574,0.0242718446601941,0.0471014492753623,0.1923076923076923,0.0243024302430243,0.0154440154440154,0.0251626898047722,0.0208333333333333,0.0048543689320388,0.1551724137931034,0.0,0.0056179775280898,0.0,0.001937984496124,0.2815533980582524,0.0259740259740259,0.1940850277264325,0.0919540229885057,0.0620689655172413,0.0378486055776892,0.0019960079840319,0.0489130434782608,0.0,0.0,0.0066666666666666,0.0
28893,chr2,219128852,219134901,ENSG00000127837,AAMP,chr2,220094505,220101401,ENSG00000163516,ANKZF1,0.036144578313253,0.0039603960396039,0.5875,0.0416666666666666,0.0063291139240506,0.1403508771929824,0.0475059382422802,0.0161725067385444,0.0339805825242718,0.1485507246376811,0.348076923076923,0.0738073807380738,0.0579150579150579,0.0268980477223427,0.2083333333333333,0.0315533980582524,0.3206896551724137,0.0541666666666666,0.0112359550561797,0.0055865921787709,0.1937984496124031,0.3203883495145631,0.0909090909090909,0.4121996303142329,0.0459770114942528,0.1448275862068965,0.0916334661354581,0.0059880239520958,0.0815217391304347,0.0759493670886076,0.0066225165562913,0.0733333333333333,0.0151515151515151
29316,chr2,241505221,241520789,ENSG00000142327,RNPEPL1,chr2,242576628,242613272,ENSG00000168397,ATG4B,0.1144578313253012,0.0059405940594059,0.525,0.0,0.0126582278481012,0.0,0.1330166270783848,0.1536388140161725,0.4951456310679611,0.0307971014492753,0.2692307692307692,0.0846084608460846,0.1042471042471042,0.0919739696312364,0.0208333333333333,0.1334951456310679,0.3655172413793103,0.1833333333333333,0.0842696629213483,0.0,0.0,0.087378640776699,0.2059369202226345,0.3512014787430684,0.0689655172413793,0.0620689655172413,0.1055776892430278,0.1017964071856287,0.266304347826087,0.0,0.0066225165562913,0.0,0.3636363636363636
29943,chr20,416124,443187,ENSG00000125875,TBC1D20,chr20,1874813,1921238,ENSG00000198053,SIRPA,0.2650602409638554,0.0673267326732673,0.6875,0.0833333333333333,0.1392405063291139,0.4385964912280701,0.3681710213776722,0.4528301886792453,0.4004854368932038,0.2644927536231884,0.1942307692307692,0.3024302430243024,0.2123552123552123,0.1049891540130151,0.4583333333333333,0.1917475728155339,0.1241379310344827,0.2520833333333333,0.4382022471910112,0.4189944134078212,0.1046511627906976,0.4077669902912621,0.3487940630797773,0.1608133086876155,0.2988505747126437,0.3448275862068966,0.2928286852589641,0.0259481037924151,0.2065217391304347,0.2151898734177215,0.2450331125827814,0.2333333333333333,0.0151515151515151
30458,chr21,44299754,44333414,ENSG00000160194,NDUFV3,chr21,45138975,45182188,ENSG00000160209,PDXK,0.0903614457831325,0.2217821782178217,0.6125,0.1083333333333333,0.4810126582278481,0.3157894736842105,0.4014251781472684,0.1482479784366576,0.0728155339805825,0.3496376811594203,0.0846153846153846,0.1647164716471647,0.1776061776061776,0.161822125813449,0.2291666666666666,0.1529126213592233,0.2551724137931034,0.0916666666666666,0.0449438202247191,0.3072625698324022,0.191860465116279,0.2524271844660194,0.1576994434137291,0.1164510166358595,0.1954022988505747,0.0655172413793103,0.0697211155378486,0.3852295409181637,0.0760869565217391,0.3037974683544304,0.0264900662251655,0.16,0.303030303030303
30530,chr21,48055507,48085036,ENSG00000160310,PRMT2,chr21,46269500,46293818,ENSG00000183255,PTTG1IP,0.108433734939759,0.2752475247524752,0.6625,0.0083333333333333,0.0253164556962025,0.2105263157894736,0.1211401425178147,0.0080862533692722,0.0412621359223301,0.1956521739130435,0.0403846153846153,0.0612061206120612,0.1081081081081081,0.1882863340563991,0.0,0.3349514563106796,0.1,0.11875,0.0505617977528089,0.2905027932960894,0.1647286821705426,0.3203883495145631,0.0241187384044526,0.0129390018484288,0.0,0.1275862068965517,0.0278884462151394,0.2854291417165668,0.0597826086956521,0.4810126582278481,0.0,0.0333333333333333,0.3181818181818182
31859,chr3,47844399,47891685,ENSG00000132153,DHX30,chr3,49057892,49060928,ENSG00000178057,NDUFAF3,0.0240963855421686,0.0039603960396039,0.6875,0.4833333333333333,0.0126582278481012,0.2631578947368421,0.0166270783847981,0.013477088948787,0.0169902912621359,0.0471014492753623,0.0423076923076923,0.0135013501350135,0.0888030888030888,0.0399132321041214,0.2083333333333333,0.0533980582524271,0.0034482758620689,0.0125,0.0056179775280898,0.0,0.0232558139534883,0.2815533980582524,0.0111317254174397,0.0,0.0229885057471264,0.0655172413793103,0.0159362549800796,0.0,0.0163043478260869,0.0126582278481012,0.2251655629139073,0.28,0.0
32551,chr3,48445261,48471495,ENSG00000164050,PLXNB1,chr3,49057892,49060928,ENSG00000178057,NDUFAF3,0.0481927710843373,0.0079207920792079,0.55,0.1833333333333333,0.0316455696202531,0.2105263157894736,0.0451306413301662,0.0485175202156334,0.1189320388349514,0.1141304347826086,0.048076923076923,0.1764176417641764,0.1737451737451737,0.4021691973969631,0.4583333333333333,0.1626213592233009,0.0034482758620689,0.0833333333333333,0.0786516853932584,0.0391061452513966,0.1744186046511628,0.1262135922330097,0.1131725417439703,0.0258780036968576,0.057471264367816,0.1310344827586207,0.1035856573705179,0.0638722554890219,0.1467391304347826,0.1012658227848101,0.4039735099337748,0.1466666666666666,0.0151515151515151
33373,chr4,1694458,1714071,ENSG00000163950,SLBP,chr4,1813206,1857883,ENSG00000168924,LETM1,0.253012048192771,0.3247524752475247,0.6125,0.3333333333333333,0.0569620253164556,0.3508771929824561,0.1971496437054631,0.2371967654986523,0.087378640776699,0.2192028985507246,0.1076923076923077,0.3888388838883888,0.1737451737451737,0.3631236442516269,0.0625,0.2184466019417475,0.1655172413793103,0.2041666666666666,0.0617977528089887,0.0055865921787709,0.1802325581395348,0.4466019417475728,0.287569573283859,0.0184842883548983,0.4022988505747126,0.3724137931034483,0.1892430278884462,0.2095808383233532,0.1413043478260869,0.4936708860759494,0.1655629139072847,0.44,0.2272727272727272
34464,chr5,134074185,134087847,ENSG00000164615,CAMLG,chr5,133307562,133340666,ENSG00000213585,VDAC1,0.0421686746987951,0.0198019801980198,0.5125,0.2416666666666666,0.050632911392405,0.0701754385964912,0.009501187648456,0.0970350404312668,0.2645631067961165,0.0652173913043478,0.0173076923076923,0.1485148514851485,0.0965250965250965,0.2433839479392624,0.0833333333333333,0.0339805825242718,0.0344827586206896,0.0666666666666666,0.0337078651685393,0.3519553072625698,0.1201550387596899,0.0679611650485436,0.1614100185528757,0.1829944547134935,0.0344827586206896,0.0241379310344827,0.0179282868525896,0.1057884231536926,0.25,0.430379746835443,0.0993377483443708,0.0333333333333333,0.0454545454545454
34465,chr5,134074185,134087847,ENSG00000164615,CAMLG,chr5,133737756,133747572,ENSG00000237190,CDKN2AIPNL,0.0481927710843373,0.0277227722772277,0.575,0.2833333333333333,0.1012658227848101,0.1228070175438596,0.0308788598574821,0.1401617250673854,0.4320388349514563,0.1630434782608695,0.0615384615384615,0.1692169216921692,0.0926640926640926,0.203470715835141,0.125,0.058252427184466,0.0793103448275862,0.0708333333333333,0.0224719101123595,0.3240223463687151,0.1434108527131783,0.1262135922330097,0.1743970315398886,0.1460258780036968,0.0689655172413793,0.0517241379310344,0.0199203187250996,0.1057884231536926,0.4130434782608695,0.4430379746835443,0.1324503311258278,0.2,0.0151515151515151
34971,chr6,41889237,41900784,ENSG00000112578,BYSL,chr6,43445261,43474294,ENSG00000137221,TJAP1,0.144578313253012,0.0613861386138613,0.5875,0.3666666666666666,0.0443037974683544,0.4912280701754385,0.1615201900237529,0.0539083557951482,0.0485436893203883,0.181159420289855,0.0269230769230769,0.0486048604860486,0.0694980694980695,0.0060737527114967,0.0,0.1529126213592233,0.0137931034482758,0.05625,0.0449438202247191,0.0893854748603352,0.0348837209302325,0.4660194174757281,0.1428571428571428,0.0055452865064695,0.1264367816091954,0.0482758620689655,0.0916334661354581,0.0319361277445109,0.0271739130434782,0.4050632911392405,0.0463576158940397,0.14,0.0
35018,chr6,42952291,42980080,ENSG00000112640,PPP2R5D,chr6,41514164,41570122,ENSG00000137166,FOXP4,0.2650602409638554,0.0019801980198019,0.525,0.3166666666666666,0.0126582278481012,0.3859649122807017,0.3159144893111639,0.0512129380053908,0.116504854368932,0.1829710144927536,0.0211538461538461,0.1773177317731773,0.0926640926640926,0.0065075921908893,0.0208333333333333,0.0485436893203883,0.0275862068965517,0.2083333333333333,0.0056179775280898,0.0167597765363128,0.0096899224806201,0.145631067961165,0.1057513914656771,0.0,0.0344827586206896,0.0655172413793103,0.0597609561752988,0.2315369261477046,0.0978260869565217,0.0,0.0,0.1,0.0
35822,chr6,30594619,30614600,ENSG00000137343,ATAT1,chr6,31497996,31510225,ENSG00000198563,DDX39B,0.0060240963855421,0.1207920792079207,0.6875,0.0583333333333333,0.0189873417721519,0.0,0.014251781472684,0.3504043126684636,0.0169902912621359,0.0181159420289855,0.1557692307692307,0.0135013501350135,0.054054054054054,0.1292841648590021,0.1875,0.0169902912621359,0.1310344827586207,0.0208333333333333,0.0337078651685393,0.0670391061452514,0.003875968992248,0.058252427184466,0.0296846011131725,0.1515711645101663,0.057471264367816,0.0379310344827586,0.0298804780876494,0.1017964071856287,0.0,0.240506329113924,0.0529801324503311,0.0133333333333333,0.3333333333333333
36021,chr6,33738979,33756907,ENSG00000161904,LEMD2,chr6,31802385,31807543,ENSG00000204387,SNHG32,0.1265060240963855,0.1128712871287128,0.5125,0.2583333333333333,0.0316455696202531,0.1578947368421052,0.3966745843230403,0.0323450134770889,0.2694174757281553,0.2300724637681159,0.05,0.0945094509450945,0.0733590733590733,0.0555314533622559,0.0,0.1092233009708737,0.0758620689655172,0.0895833333333333,0.0898876404494382,0.0391061452513966,0.0872093023255814,0.0485436893203883,0.0426716141001855,0.0092421441774491,0.0459770114942528,0.1482758620689655,0.0398406374501992,0.2435129740518962,0.1684782608695652,0.1265822784810126,0.0198675496688741,0.04,0.0
36387,chr6,32595956,32614839,ENSG00000196735,HLA-DQA1,chr6,31926894,31937528,ENSG00000204351,SKIV2L,0.2590361445783132,0.0356435643564356,0.5625,0.1333333333333333,0.1455696202531645,0.3859649122807017,0.2185273159144893,0.0754716981132075,0.0533980582524271,0.2246376811594203,0.125,0.0747074707470747,0.1312741312741312,0.0156182212581344,0.4166666666666667,0.2572815533980582,0.0517241379310344,0.2,0.0224719101123595,0.0837988826815642,0.1686046511627907,0.3980582524271844,0.1094619666048237,0.0166358595194085,0.0804597701149425,0.193103448275862,0.1414342629482071,0.0998003992015968,0.0869565217391304,0.1012658227848101,0.0463576158940397,0.1533333333333333,0.0151515151515151
36388,chr6,32595956,32614839,ENSG00000196735,HLA-DQA1,chr6,31919864,31926815,ENSG00000204356,NELFE,0.3132530120481928,0.1049504950495049,0.5375,0.075,0.1962025316455696,0.3508771929824561,0.334916864608076,0.2345013477088948,0.0631067961165048,0.2626811594202898,0.1365384615384615,0.1035103510351035,0.138996138996139,0.0624728850325379,0.4791666666666667,0.3155339805825243,0.1103448275862069,0.2833333333333333,0.0674157303370786,0.217877094972067,0.2461240310077519,0.4660194174757281,0.1558441558441558,0.0258780036968576,0.1954022988505747,0.196551724137931,0.1673306772908366,0.155688622754491,0.1032608695652173,0.1772151898734177,0.2119205298013245,0.2333333333333333,0.2575757575757575
37449,chr6,31588492,31605548,ENSG00000204469,PRRC2A,chr6,31514647,31526606,ENSG00000204498,NFKBIL1,0.0,0.0237623762376237,0.5375,0.1666666666666666,0.0,0.1228070175438596,0.01187648456057,0.0512129380053908,0.0,0.056159420289855,0.0076923076923076,0.0063006300630063,0.0463320463320463,0.0030368763557483,0.0,0.0194174757281553,0.0034482758620689,0.0020833333333333,0.0,0.0167597765363128,0.1841085271317829,0.0485436893203883,0.0018552875695732,0.0018484288354898,0.0229885057471264,0.0206896551724137,0.0039840637450199,0.0558882235528942,0.0,0.0,0.0,0.0,0.0
37975,chr7,2552163,2568811,ENSG00000106003,LFNG,chr7,2281857,2290781,ENSG00000106268,NUDT1,0.0,0.1287128712871287,0.725,0.275,0.0,0.0350877192982456,0.0380047505938242,0.3153638814016172,0.0048543689320388,0.0163043478260869,0.0076923076923076,0.009000900090009,0.1235521235521235,0.0438177874186551,0.0,0.0679611650485436,0.0896551724137931,0.0083333333333333,0.0,0.1340782122905028,0.003875968992248,0.3786407766990291,0.0092764378478664,0.0258780036968576,0.0229885057471264,0.0482758620689655,0.0239043824701195,0.0019960079840319,0.0217391304347826,0.2911392405063291,0.0132450331125827,0.0,0.3181818181818182
38356,chr7,100849258,100861701,ENSG00000106397,PLOD3,chr7,100424442,100464632,ENSG00000146828,SLC12A9,0.1024096385542168,0.0772277227722772,0.5125,0.2333333333333333,0.1265822784810126,0.0526315789473684,0.1353919239904988,0.0296495956873315,0.0679611650485436,0.0869565217391304,0.1461538461538461,0.0846084608460846,0.0193050193050193,0.0130151843817787,0.0833333333333333,0.1334951456310679,0.1827586206896551,0.1395833333333333,0.0730337078651685,0.0,0.0542635658914728,0.0776699029126213,0.0686456400742115,0.0831792975970425,0.0,0.0896551724137931,0.1414342629482071,0.0379241516966067,0.108695652173913,0.0886075949367088,0.0,0.26,0.0
38554,chr7,44154280,44163957,ENSG00000106628,POLD2,chr7,44836279,44864163,ENSG00000196262,PPIA,0.0301204819277108,0.0138613861386138,0.625,0.0083333333333333,0.0126582278481012,0.0,0.1591448931116389,0.3018867924528302,0.0242718446601941,0.0525362318840579,0.1846153846153846,0.0261026102610261,0.0733590733590733,0.0472885032537961,0.0416666666666666,0.116504854368932,0.1137931034482758,0.0291666666666666,0.0842696629213483,0.0167597765363128,0.0,0.1844660194174757,0.0092764378478664,0.033271719038817,0.0229885057471264,0.0172413793103448,0.0338645418326693,0.0259481037924151,0.1032608695652173,0.1265822784810126,0.0066225165562913,0.0066666666666666,0.0
39241,chr7,192969,300711,ENSG00000177706,FAM20C,chr7,1570338,1582679,ENSG00000198517,MAFK,0.0060240963855421,0.0495049504950495,0.6375,0.35,0.0379746835443038,0.0701754385964912,0.01187648456057,0.0161725067385444,0.0194174757281553,0.0126811594202898,0.0442307692307692,0.0135013501350135,0.1814671814671814,0.0950108459869848,0.1458333333333333,0.0218446601941747,0.0241379310344827,0.0145833333333333,0.0280898876404494,0.3072625698324022,0.3062015503875969,0.1941747572815534,0.0222634508348794,0.1182994454713493,0.3793103448275862,0.0275862068965517,0.049800796812749,0.0,0.0380434782608695,0.0759493670886076,0.0662251655629139,0.06,0.0606060606060606
39334,chr8,22402499,22433301,ENSG00000120896,SORBS3,chr8,23154410,23282841,ENSG00000134013,LOXL2,0.0120481927710843,0.0118811881188118,0.775,0.025,0.0126582278481012,0.1403508771929824,0.014251781472684,0.059299191374663,0.0,0.0452898550724637,0.0038461538461538,0.0081008100810081,0.0308880308880308,0.0286334056399132,0.0,0.0048543689320388,0.0655172413793103,0.0020833333333333,0.0056179775280898,0.1564245810055866,0.2228682170542635,0.0485436893203883,0.0092764378478664,0.0166358595194085,0.057471264367816,0.0310344827586206,0.0039840637450199,0.1457085828343313,0.0108695652173913,0.0886075949367088,0.0066225165562913,0.0533333333333333,0.0303030303030303
39930,chr8,145106167,145118868,ENSG00000178814,OPLAH,chr8,145557619,145584946,ENSG00000185803,SLC52A2,0.253012048192771,0.0574257425742574,0.5625,0.0166666666666666,0.0443037974683544,0.087719298245614,0.3942992874109263,0.2102425876010781,0.3470873786407767,0.2373188405797101,0.3653846153846153,0.2322232223222322,0.138996138996139,0.0859002169197397,0.125,0.1990291262135922,0.2758620689655172,0.2875,0.0898876404494382,0.0670391061452514,0.0213178294573643,0.116504854368932,0.2820037105751391,0.0480591497227356,0.264367816091954,0.1103448275862069,0.1772908366533864,0.1017964071856287,0.2554347826086957,0.2025316455696202,0.0,0.0666666666666666,0.2424242424242424
39931,chr8,145106167,145118868,ENSG00000178814,OPLAH,chr8,145674965,145691050,ENSG00000187954,CYHR1,0.2409638554216867,0.0059405940594059,0.65,0.45,0.0189873417721519,0.1228070175438596,0.33729216152019,0.2749326145552561,0.0703883495145631,0.2572463768115942,0.0634615384615384,0.1539153915391539,0.054054054054054,0.0117136659436008,0.1666666666666666,0.2233009708737864,0.1310344827586207,0.1583333333333333,0.0842696629213483,0.0,0.0213178294573643,0.0679611650485436,0.1038961038961039,0.0184842883548983,0.0459770114942528,0.0551724137931034,0.0637450199203187,0.1716566866267465,0.0217391304347826,0.1772151898734177,0.0331125827814569,0.14,0.2272727272727272
39943,chr8,145153536,145163027,ENSG00000179526,SHARPIN,chr8,144386554,144442149,ENSG00000184428,TOP1MT,0.4156626506024096,0.0138613861386138,0.975,0.3833333333333333,0.0063291139240506,0.3333333333333333,0.1591448931116389,0.1320754716981132,0.0315533980582524,0.1521739130434782,0.1461538461538461,0.1071107110711071,0.0347490347490347,0.0147505422993492,0.125,0.203883495145631,0.0137931034482758,0.3458333333333333,0.0393258426966292,0.0,0.003875968992248,0.2524271844660194,0.0371057513914656,0.0073937153419593,0.0344827586206896,0.0448275862068965,0.1115537848605577,0.0379241516966067,0.0760869565217391,0.0759493670886076,0.1721854304635761,0.3466666666666667,0.0151515151515151
40038,chr8,144386554,144442149,ENSG00000184428,TOP1MT,chr8,145137493,145141119,ENSG00000197858,GPAA1,0.2409638554216867,0.0316831683168316,0.65,0.2166666666666666,0.0316455696202531,0.3333333333333333,0.1068883610451306,0.0700808625336927,0.0266990291262135,0.1413043478260869,0.1903846153846153,0.126012601260126,0.0617760617760617,0.0173535791757049,0.1041666666666666,0.2184466019417475,0.0241379310344827,0.2666666666666666,0.0505617977528089,0.0111731843575419,0.0155038759689922,0.3592233009708738,0.0575139146567718,0.0351201478743068,0.0344827586206896,0.0724137931034482,0.1115537848605577,0.0339321357285429,0.0652173913043478,0.0759493670886076,0.0596026490066225,0.3,0.0151515151515151
40090,chr9,35104109,35116338,ENSG00000005238,FAM214B,chr9,36214438,36277039,ENSG00000159921,GNE,0.3674698795180723,0.297029702970297,0.5875,0.4583333333333333,0.310126582278481,0.4736842105263157,0.3586698337292161,0.2964959568733153,0.1917475728155339,0.4818840579710144,0.1788461538461538,0.1305130513051305,0.277992277992278,0.0520607375271149,0.3958333333333333,0.3155339805825243,0.3448275862068966,0.4020833333333333,0.1348314606741573,0.217877094972067,0.0542635658914728,0.1553398058252427,0.1743970315398886,0.1626617375231053,0.2068965517241379,0.4379310344827586,0.2151394422310757,0.3353293413173652,0.1032608695652173,0.2278481012658227,0.0,0.3933333333333333,0.0606060606060606
40233,chr9,131549532,131572709,ENSG00000107021,TBC1D13,chr9,130267618,130341268,ENSG00000136830,NIBAN2,0.0180722891566265,0.1306930693069307,0.5375,0.1416666666666666,0.170886075949367,0.3333333333333333,0.0593824228028503,0.0242587601078167,0.0436893203883495,0.0833333333333333,0.0057692307692307,0.27002700270027,0.1891891891891892,0.1744034707158351,0.0,0.0242718446601941,0.2172413793103448,0.00625,0.0505617977528089,0.2067039106145251,0.1511627906976744,0.1262135922330097,0.0278293135435992,0.3863216266173752,0.1149425287356321,0.0034482758620689,0.0358565737051792,0.0858283433133732,0.0271739130434782,0.3164556962025316,0.0463576158940397,0.18,0.3181818181818182
40637,chr9,131873229,131911225,ENSG00000119383,PTPA,chr9,130830480,130871524,ENSG00000148339,SLC25A25,0.0180722891566265,0.0613861386138613,0.5625,0.1083333333333333,0.170886075949367,0.0526315789473684,0.0546318289786223,0.4043126684636118,0.0242718446601941,0.036231884057971,0.1884615384615384,0.0594059405940594,0.1544401544401544,0.2498915401301518,0.0833333333333333,0.0533980582524271,0.0344827586206896,0.0166666666666666,0.1741573033707865,0.1508379888268156,0.1686046511627907,0.0776699029126213,0.0333951762523191,0.0240295748613678,0.0344827586206896,0.0413793103448275,0.0876494023904382,0.1796407185628742,0.0543478260869565,0.1139240506329113,0.0,0.04,0.2121212121212121
40993,chr9,138824815,138853219,ENSG00000130560,UBAC1,chr9,139553308,139567130,ENSG00000172889,EGFL7,0.216867469879518,0.0673267326732673,0.9,0.0166666666666666,0.0,0.3684210526315789,0.1353919239904988,0.1698113207547169,0.2839805825242718,0.3242753623188406,0.1692307692307692,0.1017101710171017,0.0617760617760617,0.0368763557483731,0.0625,0.1990291262135922,0.0344827586206896,0.26875,0.1573033707865168,0.0782122905027933,0.0135658914728682,0.4563106796116505,0.2040816326530612,0.0203327171903881,0.1954022988505747,0.0896551724137931,0.1733067729083665,0.1057884231536926,0.1739130434782608,0.1012658227848101,0.0794701986754966,0.2666666666666666,0.0
41139,chr9,130547958,130553071,ENSG00000136807,CDK9,chr9,130830480,130871524,ENSG00000148339,SLC25A25,0.0240963855421686,0.0415841584158415,0.5375,0.0166666666666666,0.0886075949367088,0.0350877192982456,0.0617577197149643,0.3800539083557951,0.0194174757281553,0.0507246376811594,0.1269230769230769,0.0351035103510351,0.1737451737451737,0.2498915401301518,0.0416666666666666,0.0631067961165048,0.1620689655172413,0.0083333333333333,0.1348314606741573,0.1843575418994413,0.1395348837209302,0.0970873786407767,0.0204081632653061,0.0369685767097966,0.0689655172413793,0.0655172413793103,0.0617529880478087,0.1177644710578842,0.0217391304347826,0.1645569620253164,0.0,0.04,0.1363636363636363
41524,chr9,33921691,34048947,ENSG00000137073,UBAP2,chr9,33461351,33473928,ENSG00000165271,NOL6,0.0060240963855421,0.0059405940594059,0.6625,0.0,0.0189873417721519,0.0,0.002375296912114,0.0,0.0097087378640776,0.0018115942028985,0.0019230769230769,0.0126012601260126,0.0193050193050193,0.0017353579175704,0.0,0.0024271844660194,0.0,0.0041666666666666,0.0,0.0,0.067829457364341,0.0388349514563106,0.0,0.0,0.0114942528735632,0.0,0.0039840637450199,0.0,0.0108695652173913,0.1012658227848101,0.0,0.0333333333333333,0.0
41671,chr9,132396883,132404448,ENSG00000148331,ASB6,chr9,130830480,130871524,ENSG00000148339,SLC25A25,0.0240963855421686,0.0297029702970297,0.5125,0.1,0.1265822784810126,0.0350877192982456,0.0403800475059382,0.3962264150943396,0.0194174757281553,0.0326086956521739,0.0846153846153846,0.0234023402340234,0.1158301158301158,0.2984815618221258,0.0416666666666666,0.029126213592233,0.093103448275862,0.0166666666666666,0.0898876404494382,0.0893854748603352,0.1143410852713178,0.058252427184466,0.0111317254174397,0.033271719038817,0.0229885057471264,0.0862068965517241,0.049800796812749,0.0578842315369261,0.0543478260869565,0.1265822784810126,0.0066225165562913,0.0266666666666666,0.1515151515151515
41690,chr9,130882972,130890741,ENSG00000148334,PTGES2,chr9,130830480,130871524,ENSG00000148339,SLC25A25,0.0060240963855421,0.0495049504950495,0.6875,0.125,0.4050632911392405,0.0,0.01187648456057,0.3665768194070081,0.0145631067961165,0.0163043478260869,0.075,0.0576057605760576,0.2934362934362934,0.3015184381778741,0.1041666666666666,0.0485436893203883,0.0517241379310344,0.0041666666666666,0.0393258426966292,0.3016759776536313,0.3875968992248062,0.0970873786407767,0.0074211502782931,0.0536044362292051,0.057471264367816,0.0413793103448275,0.0358565737051792,0.1157684630738523,0.0217391304347826,0.1518987341772152,0.0,0.0333333333333333,0.1363636363636363
41694,chr9,130882972,130890741,ENSG00000148334,PTGES2,chr9,131483149,131486406,ENSG00000160446,ZDHHC12,0.0,0.0297029702970297,0.6875,0.1583333333333333,0.3037974683544304,0.0526315789473684,0.002375296912114,0.0808625336927223,0.0024271844660194,0.0018115942028985,0.0134615384615384,0.0396039603960396,0.2316602316602316,0.0824295010845987,0.2291666666666666,0.0218446601941747,0.0137931034482758,0.0,0.0112359550561797,0.2122905027932961,0.1957364341085271,0.0679611650485436,0.0018552875695732,0.0536044362292051,0.0344827586206896,0.0103448275862068,0.0079681274900398,0.0259481037924151,0.0,0.1012658227848101,0.0,0.0666666666666666,0.0303030303030303
41695,chr9,130882972,130890741,ENSG00000148334,PTGES2,chr9,130702861,130743268,ENSG00000167106,FAM102A,0.180722891566265,0.0534653465346534,0.5875,0.3083333333333333,0.3924050632911392,0.1052631578947368,0.0213776722090261,0.1913746630727762,0.0631067961165048,0.0398550724637681,0.025,0.0423042304230423,0.3783783783783784,0.309761388286334,0.25,0.0558252427184466,0.0379310344827586,0.19375,0.0561797752808988,0.441340782122905,0.4709302325581395,0.174757281553398,0.0092764378478664,0.1035120147874306,0.1149425287356321,0.0310344827586206,0.0398406374501992,0.0838323353293413,0.0271739130434782,0.1518987341772152,0.0198675496688741,0.2933333333333333,0.0757575757575757
41697,chr9,130882972,130890741,ENSG00000148334,PTGES2,chr9,131067438,131084726,ENSG00000167112,TRUB2,0.1144578313253012,0.0514851485148514,0.575,0.225,0.2088607594936709,0.0526315789473684,0.009501187648456,0.0970350404312668,0.0412621359223301,0.0634057971014492,0.0173076923076923,0.045004500450045,0.1274131274131274,0.137527114967462,0.3125,0.0485436893203883,0.1137931034482758,0.0979166666666666,0.0056179775280898,0.1731843575418994,0.1531007751937984,0.1262135922330097,0.0111317254174397,0.1053604436229205,0.0114942528735632,0.0068965517241379,0.0099601593625498,0.0159680638722554,0.0271739130434782,0.1772151898734177,0.0463576158940397,0.2066666666666666,0.0
41738,chr9,130830480,130871524,ENSG00000148339,SLC25A25,chr9,131174030,131199630,ENSG00000167123,CERCAM,0.0421686746987951,0.0633663366336633,0.625,0.0583333333333333,0.2974683544303797,0.0701754385964912,0.0380047505938242,0.4258760107816711,0.0339805825242718,0.0507246376811594,0.1403846153846153,0.0909090909090909,0.3783783783783784,0.2620390455531453,0.0,0.0558252427184466,0.0586206896551724,0.025,0.2865168539325842,0.3128491620111732,0.3023255813953488,0.1359223300970873,0.0241187384044526,0.0258780036968576,0.1149425287356321,0.0689655172413793,0.1075697211155378,0.0798403193612774,0.0652173913043478,0.1012658227848101,0.0,0.0133333333333333,0.1818181818181818
41928,chr9,34179003,34252521,ENSG00000165006,UBAP1,chr9,33461351,33473928,ENSG00000165271,NOL6,0.0180722891566265,0.0257425742574257,0.5625,0.0,0.0189873417721519,0.0175438596491228,0.002375296912114,0.0,0.012135922330097,0.0036231884057971,0.0019230769230769,0.0072007200720072,0.027027027027027,0.0008676789587852,0.0,0.0,0.0,0.00625,0.0,0.0782122905027933,0.0193798449612403,0.1067961165048543,0.0,0.0,0.0,0.0034482758620689,0.0159362549800796,0.0,0.0108695652173913,0.0379746835443038,0.0066225165562913,0.02,0.0151515151515151
43422,chr10,75008601,75012451,ENSG00000182180,MRPS16,chr10,75134859,75173834,ENSG00000138279,ANXA7,0.0481927710843373,0.0039603960396039,0.6125,0.0833333333333333,0.0632911392405063,0.4035087719298245,0.2066508313539192,0.0862533692722372,0.0922330097087378,0.0597826086956521,0.0326923076923076,0.0243024302430243,0.138996138996139,0.0134490238611713,0.0833333333333333,0.0606796116504854,0.0034482758620689,0.0125,0.0056179775280898,0.0,0.0465116279069767,0.3980582524271844,0.0037105751391465,0.0073937153419593,0.0804597701149425,0.0206896551724137,0.0159362549800796,0.0239520958083832,0.0652173913043478,0.0253164556962025,0.0596026490066225,0.2866666666666667,0.0454545454545454
44174,chr11,64879317,64883880,ENSG00000149809,TM7SF2,chr11,65365227,65382853,ENSG00000173327,MAP3K11,0.036144578313253,0.0554455445544554,0.7,0.0083333333333333,0.0696202531645569,0.4561403508771929,0.4940617577197149,0.4501347708894879,0.0606796116504854,0.3550724637681159,0.0423076923076923,0.1098109810981098,0.3011583011583011,0.0555314533622559,0.0,0.0436893203883495,0.1,0.0333333333333333,0.0112359550561797,0.0223463687150838,0.065891472868217,0.3300970873786408,0.0129870129870129,0.0295748613678373,0.0344827586206896,0.0724137931034482,0.047808764940239,0.1596806387225549,0.0380434782608695,0.2658227848101265,0.0397350993377483,0.1066666666666666,0.3333333333333333
45510,chr17,27041299,27045447,ENSG00000109113,RAB34,chr17,27082996,27182250,ENSG00000173065,FAM222B,0.0662650602409638,0.2138613861386138,0.6375,0.2666666666666666,0.0253164556962025,0.2631578947368421,0.1116389548693586,0.0377358490566037,0.3422330097087379,0.1340579710144927,0.1365384615384615,0.1296129612961296,0.193050193050193,0.0312364425162689,0.0833333333333333,0.1310679611650485,0.0206896551724137,0.05625,0.0337078651685393,0.3966480446927374,0.0096899224806201,0.2912621359223301,0.0649350649350649,0.121996303142329,0.4712643678160919,0.1482758620689655,0.1135458167330677,0.1596806387225549,0.3641304347826087,0.1012658227848101,0.0066225165562913,0.08,0.0
45514,chr17,27041299,27045447,ENSG00000109113,RAB34,chr17,27398140,27507416,ENSG00000196535,MYO18A,0.108433734939759,0.0752475247524752,0.75,0.125,0.0569620253164556,0.175438596491228,0.1235154394299287,0.0296495956873315,0.4975728155339806,0.1358695652173913,0.1442307692307692,0.2349234923492349,0.2123552123552123,0.0533622559652928,0.0416666666666666,0.1723300970873786,0.1137931034482758,0.15,0.095505617977528,0.2290502793296089,0.0096899224806201,0.3203883495145631,0.1836734693877551,0.2421441774491682,0.4942528735632184,0.1862068965517241,0.1872509960159362,0.1497005988023952,0.4782608695652174,0.0,0.0331125827814569,0.1,0.0151515151515151
45654,chr17,40947165,40950722,ENSG00000183978,COA3,chr17,42154114,42201070,ENSG00000108840,HDAC5,0.0301204819277108,0.201980198019802,0.6625,0.0666666666666666,0.1645569620253164,0.3684210526315789,0.2945368171021377,0.1509433962264151,0.0364077669902912,0.2807971014492754,0.0442307692307692,0.0702070207020702,0.2393822393822393,0.0273318872017353,0.1041666666666666,0.0728155339805825,0.2689655172413793,0.00625,0.0561797752808988,0.2569832402234637,0.3410852713178294,0.2524271844660194,0.0333951762523191,0.0591497227356746,0.0804597701149425,0.0827586206896551,0.0278884462151394,0.0459081836327345,0.0217391304347826,0.1645569620253164,0.0397350993377483,0.38,0.1666666666666666
45960,chr17,79993012,79995585,ENSG00000169738,DCXR,chr17,80400462,80408705,ENSG00000178927,CYBC1,0.0060240963855421,0.0118811881188118,0.725,0.1,0.0063291139240506,0.0350877192982456,0.004750593824228,0.0026954177897574,0.0,0.0525362318840579,0.0038461538461538,0.0171017101710171,0.0193050193050193,0.0737527114967462,0.3541666666666667,0.0485436893203883,0.0586206896551724,0.0020833333333333,0.0168539325842696,0.0055865921787709,0.0116279069767441,0.058252427184466,0.046382189239332,0.0,0.0114942528735632,0.0137931034482758,0.0219123505976095,0.0538922155688622,0.0,0.0126582278481012,0.0198675496688741,0.02,0.0
45961,chr17,79993012,79995585,ENSG00000169738,DCXR,chr17,80416056,80448413,ENSG00000141562,NARF,0.0180722891566265,0.0019801980198019,0.7,0.2833333333333333,0.0126582278481012,0.3684210526315789,0.0546318289786223,0.059299191374663,0.0097087378640776,0.2427536231884058,0.025,0.0486048604860486,0.0347490347490347,0.0251626898047722,0.4166666666666667,0.1844660194174757,0.1172413793103448,0.0083333333333333,0.0112359550561797,0.0,0.0232558139534883,0.1359223300970873,0.1168831168831168,0.0018484288354898,0.0114942528735632,0.096551724137931,0.0856573705179282,0.0419161676646706,0.0,0.0632911392405063,0.0264900662251655,0.3466666666666667,0.0151515151515151
45983,chr18,6462143,6463014,ENSG00000235552,RPL6P27,chr18,7566780,8406859,ENSG00000173482,PTPRM,0.0120481927710843,0.4653465346534653,0.6375,0.2583333333333333,0.1518987341772152,0.2280701754385964,0.2446555819477434,0.0566037735849056,0.2864077669902912,0.0815217391304347,0.023076923076923,0.0657065706570657,0.2548262548262548,0.116702819956616,0.1041666666666666,0.2645631067961165,0.3655172413793103,0.0125,0.1067415730337078,0.3854748603351955,0.0387596899224806,0.3980582524271844,0.1131725417439703,0.3475046210720887,0.057471264367816,0.0413793103448275,0.0517928286852589,0.311377245508982,0.2119565217391304,0.1392405063291139,0.1125827814569536,0.14,0.1363636363636363
46258,chr19,11453452,11457194,ENSG00000105518,TMEM205,chr19,12798867,12807445,ENSG00000132004,FBXW9,0.0301204819277108,0.0316831683168316,0.675,0.3666666666666666,0.0696202531645569,0.0526315789473684,0.2565320665083135,0.1212938005390835,0.0461165048543689,0.1884057971014492,0.1423076923076923,0.1728172817281728,0.0617760617760617,0.0407809110629067,0.0833333333333333,0.0485436893203883,0.096551724137931,0.05,0.0112359550561797,0.4022346368715084,0.0872093023255814,0.087378640776699,0.0148423005565862,0.0147874306839186,0.0114942528735632,0.4275862068965517,0.0398406374501992,0.3013972055888224,0.1630434782608695,0.1265822784810126,0.0596026490066225,0.02,0.0
46687,chr19,47778142,47778980,ENSG00000257704,INAFM1,chr19,47793280,47825323,ENSG00000197405,C5AR1,0.0421686746987951,0.0316831683168316,0.5375,0.05,0.4367088607594936,0.087719298245614,0.1330166270783848,0.0350404312668463,0.2160194174757281,0.0615942028985507,0.0807692307692307,0.0297029702970297,0.2432432432432432,0.3579175704989154,0.3125,0.1601941747572815,0.1655172413793103,0.0791666666666666,0.2696629213483146,0.1117318435754189,0.125968992248062,0.1067961165048543,0.2059369202226345,0.2162661737523105,0.1839080459770115,0.0275862068965517,0.1633466135458167,0.0518962075848303,0.108695652173913,0.240506329113924,0.4304635761589404,0.0266666666666666,0.0303030303030303
46729,chr19,50138549,50143400,ENSG00000126458,RRAS,chr19,50392911,50432796,ENSG00000104951,IL4I1,0.0301204819277108,0.1445544554455445,0.5375,0.3333333333333333,0.0632911392405063,0.2807017543859649,0.4228028503562945,0.2183288409703504,0.0631067961165048,0.266304347826087,0.0826923076923076,0.0801080108010801,0.1814671814671814,0.1067245119305856,0.25,0.1407766990291262,0.0172413793103448,0.0354166666666666,0.0337078651685393,0.4692737430167598,0.3003875968992248,0.1262135922330097,0.0426716141001855,0.0166358595194085,0.0229885057471264,0.1379310344827586,0.1872509960159362,0.1437125748502994,0.0869565217391304,0.4177215189873418,0.1721854304635761,0.1933333333333333,0.106060606060606
48848,chr9,130697378,130700133,ENSG00000136908,DPM2,chr9,130830480,130871524,ENSG00000148339,SLC25A25,0.0301204819277108,0.0415841584158415,0.55,0.1166666666666666,0.1962025316455696,0.0526315789473684,0.0498812351543943,0.4339622641509434,0.0388349514563106,0.0416666666666666,0.1153846153846153,0.0495049504950495,0.2084942084942085,0.2225596529284164,0.0625,0.0436893203883495,0.1,0.0166666666666666,0.1235955056179775,0.1787709497206704,0.1104651162790697,0.0776699029126213,0.0278293135435992,0.0277264325323475,0.0689655172413793,0.1103448275862069,0.0737051792828685,0.1437125748502994,0.0489130434782608,0.1392405063291139,0.0,0.02,0.1515151515151515
